,username,post_url,caption,likes,comments,timestamp
0,_jayanthsri_,C0UHX_2rXRw,"Very happy and glad to say that Basics of sign language has gained 25k users/downloads today. 
Lot more to come! A big thanks to all those who found it helpful.",60,6,2023-12-01 14:47:13
1,_jayanthsri_,CwzqU-HL1ve,Alexa play Fein by Travis aiya,196,16,2023-09-05 10:43:31
2,_jayanthsri_,Cv1xRYRLm7I,"A big milestone! Basics of sign language has gained 10,000 users. A big thanks to all people downloaded and used the app. Will provide even more through out, this has been amazing! 

Also this couldn't have been possible without these folks-
@barathwaj.pk @ashwath_20 @jegadeesh.jpg @g_oo_d_will",73,15,2023-08-12 09:51:17
3,_jayanthsri_,Cvg8dUaL1ta,Austin Richard Post,186,54,2023-08-04 07:44:59
4,_jayanthsri_,CtGZAwrrVhT,"Another milestone - Basics of sign language has 5k users/downloads now. Thanks to all the people who found the app very helpful. Many more updates are in line... 
Developed by: @basics_of_signlang_app @paradoxinc22

#signlanguage #androidapp
#androidapps
#app
#appdevelopers
#ios
#indiansignlanguage #americansignlanguage #britishsignlanguage #celebration #celebrations #milestone #milestones",69,2,2023-06-05 07:12:12
5,_jayanthsri_,Cste2u9SqU0,Kendrick said  n**** we gon be aight,144,10,2023-05-26 15:02:15
6,_jayanthsri_,CsoV6qYyLnE,à´•àµ‹à´´à´¿à´•àµà´•àµ‹à´Ÿàµ à´¬àµ€à´šàµà´šàµ,140,3,2023-05-24 15:07:57
7,_jayanthsri_,CsJyLzTSL8U,à²•à²°à³à²¨à²¾à²Ÿà²• - 22637,157,6,2023-05-12 18:18:30
8,_jayanthsri_,Cr8pcZSyr3E,2AM,161,50,2023-05-07 15:51:59
9,_jayanthsri_,Cqre_Bduiqm,"Basics of sign language - an app for all your sign language needs!!

Tags: 
@_jayanthsri_ @paradoxinc22 

Hastags:
#app #android #androidapp #androidapps #signlanguage #indiansignlanguage #asl #americansignlanguage #bsl #britishsignlanguage",61,0,2023-04-06 03:22:28
10,_jayanthsri_,CmiUWYTPQs5,"A quick guide about app development,

Click on the link for more info

https://medium.com/@jayanthsrinivasan1011

Credits ~ @aadyaaa_trivedi

#vitrendz #vit #information #appdeveloper #appdevelopment #vitrendzchennai",617,0,2022-12-24 03:50:27
11,_jayanthsri_,Cjpdog2ruHq,#kozhikode.....,177,9,2022-10-13 08:52:04
12,___.gulmini.___,C4YWl1mvBM7,"Amidst the loudest of the speakers and brightest of the lights, I met the little me who fell in love with the person she was looking up to.ğŸŒ™â¤ï¸",181,7,2024-03-11 16:25:00
13,___.gulmini.___,C4VWzLMP6o2,"à¤à¤• à¤°à¥‹à¤œ à¤•à¤¿à¤¸à¥€ à¤¶à¤¾à¤® à¤¤à¥à¤® à¤…à¤ªà¤¨à¤¾ à¤µà¥‹ à¤•à¥à¤°à¥à¤¤à¤¾ à¤¡à¤¾à¤²à¤¨à¤¾ à¤”à¤° à¤®à¥‡à¤‚ à¤¤à¥à¤®à¥à¤¹à¤¾à¤°à¥€ à¤ªà¤¸à¤¨à¥à¤¦à¥€à¤¦à¤¾ à¤¸à¤¾à¤°à¥€à¥¤ à¤ˆà¤¸ à¤¶à¥‹à¤° à¤¸à¥‡ à¤®à¥à¤à¥‡ à¤•à¤¹à¥€à¤‚ à¤œà¤¾à¤¨à¤¾ à¤¹à¥‡ à¤¦à¥‚à¤° à¤¤à¥‡à¤°à¥‡ à¤¸à¤‚à¤— à¤‰à¤¸ à¤šà¤¾à¤‚à¤¦ à¤•à¥‡ à¤«à¤²à¤• à¤¤à¤•à¥¤ à¤¬à¤¾à¤²à¥‹à¤‚ à¤ªà¥‡ à¤—à¤œà¤°à¤¾ à¤”à¤° à¤•à¤²à¤¾à¤‡à¤¯à¥‹à¤‚ à¤ªà¥‡ à¤šà¥‚à¤¡à¤¿à¤¯à¤¼à¤¾à¤‚, à¤¹à¥‹à¤ à¥‹à¤‚ à¤ªà¥‡  à¤®à¥à¤¸à¥à¤•à¤°à¤¾à¤¹à¤Ÿ à¤”à¤° à¤†à¤à¤–à¥‹à¤‚ à¤ªà¥‡ à¤¹à¤œà¤¼à¤¾à¤° à¤¬à¤¾à¤¤à¥‡à¤‚à¥¤ à¤šà¤²à¥‡à¤‚ à¤•à¥à¤¯à¤¾?ğŸŒ™â¤ï¸",226,5,2024-03-10 12:26:49
14,___.gulmini.___,C4OKrzRLiRB,"à¤¬à¤¸ à¤à¤• à¤–à¥à¤µà¤¾à¤¬ à¤¸à¤¾ à¤¹à¥‡ à¤¤à¥‚, à¤ªà¤¾à¤¸ à¤¨à¤¹à¥€ à¤¬à¤¸ à¤•à¤¹à¥€à¤‚ à¤¬à¤¹à¥‹à¤¤ à¤¦à¥à¤° à¤¹à¥‡ à¤¤à¥‚à¥¤ à¤¦à¤¿à¤² à¤•à¥‡ à¤–à¥à¤µà¤¾à¤¬à¥‹à¤‚ à¤•à¤¾ à¤¸à¤¬à¤¸à¥‡ à¤•à¥€à¤®à¤¤à¥€ à¤¹à¤¿à¤¸à¥à¤¸à¤¾ à¤¹à¥‡ à¤¤à¥‚à¥¤ ğŸ¥€â¤ï¸",209,4,2024-03-07 17:26:16
15,___.gulmini.___,C1NG3Q7PZst,~aquariusğŸ•ŠğŸ’œ,259,2,2023-12-23 17:59:28
16,___.gulmini.___,C1MGx0TvvLc,~bluesğŸ•ŠğŸ©µ,136,0,2023-12-23 08:39:29
17,___.gulmini.___,C1LudthPk8I,~solaceğŸ•ŠğŸ©·,179,0,2023-12-23 05:07:01
18,___.gulmini.___,C1HWsJvPSDz,Wandering where the river flows....ğŸ¦­ğŸ©µ,139,0,2023-12-21 12:22:19
19,___.gulmini.___,C1HWcuFvZTc,Lost in the currents of serenity....ğŸ¦­ğŸ©µ,146,0,2023-12-21 12:20:12
20,___.gulmini.___,C1HWV3dv2kM,Embracing the rhythm.....ğŸ¦­ğŸ©µ,176,1,2023-12-21 12:19:16
21,___.gulmini.___,C0Ypdlov39j,As we promised.....ğŸ¤ğŸ»ğŸ§¿ğŸŒâ¤ï¸,225,2,2023-12-03 09:04:59
22,___.gulmini.___,Cz6E7KvPSA8,ğŸ¥€ğŸ–¤,103,7,2023-11-21 12:17:18
23,___.gulmini.___,Cy8MDmAvXv-,ğŸ¥€ğŸ–¤,107,3,2023-10-28 11:17:14
24,___.gulmini.___,Cv9WNXlAnxi22VNGvtcR_DWC1BCO2jb7gVJcEI0,â™¥ï¸ğŸ§¿ğŸ¥¹,249,2,2023-08-15 08:29:35
25,___.gulmini.___,CupdlVJNFon,Just a normal day with us!!!ğŸ™ƒâ¤,250,3,2023-07-13 18:38:31
26,___.gulmini.___,CuOlE1NvO3P,"à¤¤à¥à¤à¥‡ à¤²à¤¿à¤–à¤¨à¥‡ à¤®à¥‡à¤‚ à¤¦à¤¿à¤¨ à¤¬à¤¿à¤¤à¤¾à¤¦à¤¿à¤ 
à¤¤à¥à¤à¥‡ à¤¸à¥‹à¤šà¤¨à¥‡ à¤®à¥‡à¤‚ à¤°à¤¾à¤¤ à¤¬à¤¿à¤¤à¤¾à¤¦à¥ à¤•à¥à¤¯à¤¾?ğŸ¥€ğŸ¤",279,5,2023-07-03 08:02:56
27,___.gulmini.___,Ct_YWKeN-w1,â¤,157,3,2023-06-27 10:30:32
28,___.gulmini.___,CsB45expiJa,"~09/05/2023~
The best we asked forâ™¥ï¸",277,3,2023-05-09 16:44:24
29,___.gulmini.___,Cr51-91pvNe,Ishq Mohabbat ki baatein samajh nahi aati ğŸ¥€ğŸ¤,93,6,2023-05-06 13:48:54
30,___.gulmini.___,CpfBe_AJlhA,VIBRANCE '23,135,7,2023-03-07 10:46:29
31,___.gulmini.___,Cmf6pIjBLgJ,He still does the trick perfectly!ğŸ¥ºğŸ¾,198,17,2022-12-23 05:29:00
32,___.gulmini.___,CkH-p1bpzGO,ğŸ¤ğŸ¼ğŸ§¿â™¥ï¸,182,19,2022-10-25 05:19:27
33,___.gulmini.___,CjU699Epfvz,Garba Night'22ğŸ’«ğŸ’ƒ,182,9,2022-10-05 09:24:21
34,___.gulmini.___,CjU5_Smpq0z,ğŸ‘»ğŸ’ğŸ‘»ğŸ’ğŸ‘»,219,23,2022-10-05 09:15:47
35,___.gulmini.___,CjU1auPJWys,Garba Night'22ğŸ’ƒğŸ’«,160,0,2022-10-05 08:35:51
36,___.gulmini.___,CgyevpEpxv9,ğŸ’«â™¥ï¸,143,3,2022-08-03 07:20:45
37,___.gulmini.___,CfW7e08Ph-T,Either you never see my posts or you ll find me flooding your feeds. OooppsieeğŸ¤­â™¥ï¸,143,3,2022-06-28 18:01:44
38,___.gulmini.___,CfW7PpPvq89,ChoteeeğŸ¥ºâ™¥ï¸,102,1,2022-06-28 17:59:40
39,___.gulmini.___,Cc_CSFyP5hm,"Through tears and fights,
Through smiles, I knew everything
Would be all right.
Through love and hate,
Through betrayal and debate,
For you I would always have faith.
Being your sister as well as your
Best friend, I knew
This friendship wouldn't end.
By your side I would always stand,
And you'll stand by mine too
Because that's what best friends do.
So no matter what happens with us
In life,
Through all of the wrongs
And all of the rights,
I'm here for you to be a best friend;
that's true,
'Cause I love you and that's what Best friends do.'

AshminiğŸ¤ğŸ¼â™¥ï¸
19 years and still countingâ™¾",145,5,2022-04-30 18:16:36
40,___.gulmini.___,Cc8ekKTvwwY,"Logging off from the day dancing to the beats and tunes. Any other day than today wouldn't have been a great day to acknowledge all the support and especially loads of love I have recieved from the dance family I have been blessed with. 
@_.dipikaa @nageshwari_temba_official you both have always been my favourites and shall always be. I couldn't have been half of what I am today in this amazing art field if you both wouldn't have dealt with my flaws. 
Looking forward to more such amazing memories and can't wait to get a chance to share a stage again. To the bestest of my memories with you of rhythms and beats and most importantly to our ghungroosâ™¥ï¸ğŸ’«
Happy International Dance DayğŸ’ƒğŸ’«
#internationaldanceday",143,3,2022-04-29 18:26:01
41,___.gulmini.___,Ccrja7LpBPe,"Mumma made me write 'happy bday sunshine' from her accnt and now I m angry cuz she didn't post for me on 29thğŸ˜–
Why r you always the fav kid?ğŸ¤§

Happiest bdayy chonuuuu. To the key bunch scar, to thousands of fights, to hundreds of days i irritated uh but lastly to each seconds of all these years I knew I had my elder brother for me. Life has been not so amazing but decent ğŸ˜› with you. Now thats too much to write.. More to come when we get on call and disturb mom's anupama binge time. Have an amazing one and and plzzz come to India soon cuz I cant wait to have my gift from The Diagon Alleyâš¡

HAPPPYYYY BIRTHDAYYYY SONU BHAI!!â™¥ï¸",159,6,2022-04-23 04:41:22
42,___.gulmini.___,CXu6-uSJyBV,"Nthng! Just bitxhing with the beachğŸ‘»

P.C @_piyush_chinara",101,0,2021-12-21 05:27:58
43,___.gulmini.___,CXu647XpyWW,"Coco's 1st pawsome beach memory!!!ğŸ¾

P.C @_piyush_chinara",102,2,2021-12-21 05:27:11
44,___.gulmini.___,CXu6ovAJyF0,"I wish uh were here when the sun kissed the sea!!ğŸ¥°â™¥ï¸

P.C @_piyush_chinara",118,12,2021-12-21 05:24:58
45,___.gulmini.___,CXsTUmoJ-zw,ğŸŒŠğŸ¾â™¥ï¸,136,18,2021-12-20 05:02:57
46,___.gulmini.___,CXsTSgQJ0dm,A pawsome beach mrng!ğŸ¾ğŸ¶,81,3,2021-12-20 05:02:40
47,___.gulmini.___,CXsTN3FJQzQ,Here's to a beach day with snoopğŸ¾,103,7,2021-12-20 05:02:02
48,___.gulmini.___,CVDipkkpmOU,â™¥ï¸,124,6,2021-10-15 16:05:14
49,___.gulmini.___,CVDilNlJGNL,Yun hin bas! ğŸ‘»,76,3,2021-10-15 16:04:39
50,___.gulmini.___,CVDiCeWppFt,"Bas uske vaaste!ğŸ¤ğŸ¼
.
.
ğŸ“¸ @swetanshu_02",152,20,2021-10-15 15:59:54
51,___.gulmini.___,CTo4IdCg1KU,Just tryn to maintain the profile gridğŸ¤­â¤,144,22,2021-09-10 11:02:04
52,___.gulmini.___,CTo4AvKA-TC,ğŸ‘€,142,10,2021-09-10 11:01:01
53,___.gulmini.___,CTo0Kmjp7AH,Isn't that bad maybe!!ğŸŒš,147,14,2021-09-10 10:27:25
54,___.gulmini.___,CSlWxecDhxy,"A humble tribute to the sacrifice of our freedom fighters for fulfilling the dreams of a free nation we are cherishing!!
HAPPY INDEPENDENCE DAYğŸ‡®ğŸ‡³
.
.
.
@_.miss.__.pradhan_",80,22,2021-08-15 05:42:58
55,___.gulmini.___,CQLuMyPAky-,Some traditions never get old!â¤,65,1,2021-06-16 13:43:07
56,___.gulmini.___,CPu62T6Aiqa,"HAPPY BIRTHDAY LOVE!!â¤
.
.
.
.
(Baaki sab u have wp peğŸ˜¬)",90,1,2021-06-05 09:15:40
57,___.gulmini.___,COagIGIgNd1,~(Spam3)âœ¨,69,6,2021-05-03 14:25:58
58,___.gulmini.___,COagC8GAS2f,~(Spam2)âœ¨,67,2,2021-05-03 14:25:16
59,___.gulmini.___,COaf9GDASWF,~(Spam1)âœ¨,81,3,2021-05-03 14:24:28
60,___.gulmini.___,CAf1ehMgKeJ,"ğŸ‘»
Jab kisiko aap andar se tod do aur jawab mei wo bas ek muskaan dede, usse badi haar aapki Ho hin nahi sakti!! :)",186,11,2020-05-22 16:49:13
61,___.gulmini.___,CAf0l_ng_zR,ğŸ‘‘,212,8,2020-05-22 16:41:30
62,___.gulmini.___,CAf0DYAgp9R,"ğŸ‘»
A healer to my heart is whom I would prefer over a treat to my eyesâ™¡",188,25,2020-05-22 16:36:46
63,___.gulmini.___,B79B0H5AouA,Did u just think I post my pics to increase my followers.... oppsss... I m here to maintain my timeline... I cannot slid my sleeves down to get ur attention -),176,13,2020-01-30 18:18:02
64,___.gulmini.___,B7xle_ngd70,The way u treat is more appreciable than the way u greet!!,236,43,2020-01-26 07:38:50
65,___.gulmini.___,B6pa7QwA_9-,I say Yes to all the new adventures!!,167,2,2019-12-29 07:01:15
66,___.gulmini.___,B6paFMMgJ0U,:),124,6,2019-12-29 06:53:52
67,___.gulmini.___,B6n_BRXAWrv,If we stand together we don't know up-to what limit we ll stand straight....,159,0,2019-12-28 17:38:10
68,___.gulmini.___,B6n-vqGAW2c,PARASAILING doneee right!!!,177,12,2019-12-28 17:35:45
69,___.gulmini.___,B6nX7DZAawp,Ooopppsss!!! Sorry Pensah baby I m not gonna let u eat my handsğŸ˜•,150,0,2019-12-28 11:56:32
70,___.gulmini.___,B6nXnlIAAy6,Thank you for a smooth treck PENSAH!!! ğŸ™ˆâ¤,123,0,2019-12-28 11:53:52
71,___.gulmini.___,B6nXbFSAugu,Hey there PENSAH!!! ğŸ™ˆâ¤ğŸ™ˆâ¤ğŸ™ˆâ¤,153,2,2019-12-28 11:52:10
72,___.gulmini.___,B6DcKEqgQgW,Ê•â€¢ï»Œâ€¢Ê”,155,4,2019-12-14 13:00:52
73,___.gulmini.___,B6Db11NgqSG,"ğŸ‘»
""A dancer can also be a bad poser in real life""",159,8,2019-12-14 12:58:06
74,___.gulmini.___,B6DbXKfgbcw,"Ê•â€¢ï»Œâ€¢Ê”
People asked her to follow whatever her heart says!!! But she got confused to which piece of it she had to refer-to....",132,2,2019-12-14 12:53:55
75,___.gulmini.___,BxWI2MRA3tf,"â™¡~â™¡
I found my happiness in yours now that u arent near all i have is a bottle of beer and all those moments spent together to cheers.",170,6,2019-05-12 02:35:09
76,___.gulmini.___,BxWIhkxglS8,~~â™¡~~,183,3,2019-05-12 02:32:20
77,___.gulmini.___,BxWIWfkgoEm,Throwback to the days when my bitter taste bud of life was dormant.,162,0,2019-05-12 02:30:50
78,___.gulmini.___,BwoPL9xgDHs,Legend ğŸ™Œ,168,5,2019-04-24 06:45:29
79,___.gulmini.___,BwoNIUugrxr,Happy B-Dayâ¤,180,4,2019-04-24 06:27:31
80,___.gulmini.___,BwoNC-Wgl-6,,137,0,2019-04-24 06:26:47
81,___.gulmini.___,BwPPPYFgbAX,"ğŸ‘‘
I take full pride to call myself a classical dancer snubbing all the words that demoralises one.",157,18,2019-04-14 13:44:57
82,___.gulmini.___,BwPO0CDAZvm,"ğŸ‘‘
Entreating someone never reduces our eminancy what matters is the condition that forced us to think of to entreat someone.",151,3,2019-04-14 13:41:13
83,___.gulmini.___,BwPOLxlABZ7,"ğŸ‘‘
I may not be there yet but the count of stairs is less than it was yesterday.",149,9,2019-04-14 13:35:43
84,_game_o_f_thrones_,CrIvLZbpObZ,THIS SCENE â¤ï¸ğŸ”¥ğŸ™†,158,0,2023-04-17 12:01:56
85,_game_o_f_thrones_,CrItPdKvihX,The QUEEN ğŸ‘‘,432,2,2023-04-17 11:44:50
86,_game_o_f_thrones_,CoH1g98M_zy,"My regin has just began ğŸ”¥â¤ï¸
#followformoreğŸ‘‡ğŸ‘‡
@_game_o_f_thrones_
@_game_o_f_thrones_
@_game_o_f_thrones_
.
.
#gameofthrones #got #daenerystargaryen #jonsnow #emiliaclarke",483,1,2023-02-01 14:04:14
87,_game_o_f_thrones_,Cn4lunoBGW7,"Mother of Dragon ğŸ²ğŸ”¥â¤ï¸
#followformoreğŸ‘‡ğŸ‘‡
@_game_o_f_thrones_
@_game_o_f_thrones_
@_game_o_f_thrones_
.
.
#gameofthrones #got #daenerystargaryen #jonsnow #emiliaclarke",567,0,2023-01-26 15:57:39
88,_game_o_f_thrones_,Cn14rqauzUU,"Mother of dragon ğŸ²ğŸ”¥â¤ï¸
#followformoreğŸ‘‡ğŸ‘‡
@_game_o_f_thrones_
@_game_o_f_thrones_
@_game_o_f_thrones_
.
.
#gameofthrones #got #daenerystargaryen #jonsnow #emiliaclarke",93,0,2023-01-25 14:47:11
89,_game_o_f_thrones_,CnzSM-UvyXe,"ğŸ”¥ğŸ²
#followformoreğŸ‘‡ğŸ‘‡
@_game_o_f_thrones_
@_game_o_f_thrones_
@_game_o_f_thrones_
.
.
#gameofthrones #got #daenerystargaryen #jonsnow #emiliaclarke",309,0,2023-01-24 14:30:31
90,_game_o_f_thrones_,CnwzjfPhZAu,"ğŸ”¥â˜ ï¸ğŸ”¥
#followformoreğŸ‘‡ğŸ‘‡
@_game_o_f_thrones_
@_game_o_f_thrones_
@_game_o_f_thrones_
.
.
#gameofthrones #got #daenerystargaryen #jonsnow #emiliaclarke",163,1,2023-01-23 15:25:15
91,_game_o_f_thrones_,ChsaOHoBH7R,ğŸ²ğŸ”¥ğŸ‘‘ğŸ¥€,108,0,2022-08-25 19:17:11
92,_game_o_f_thrones_,Cfl3sqFL127,â˜ ï¸ğŸ”¥â˜ ï¸,92,0,2022-07-04 13:17:17
93,_game_o_f_thrones_,Cfdbu7HtlD6,ğŸ”¥â˜ ï¸ğŸ”¥,252,1,2022-07-01 06:39:13
94,_game_o_f_thrones_,CeTuMwXBnGC,"#followformoreğŸ‘‡ğŸ‘‡
@_game_o_f_thrones_
@_game_o_f_thrones_
@_game_o_f_thrones_
.
.
#gameofthrones #got #daenerystargaryen #jonsnow #emiliaclarke",114,1,2022-06-02 15:36:34
95,_game_o_f_thrones_,CeBubQxhSIk,"#followformoreğŸ‘‡ğŸ‘‡
@_game_o_f_thrones_
@_game_o_f_thrones_
@_game_o_f_thrones_
.
.
#gameofthrones #got #daenerystargaryen #jonsnow #emiliaclarke",68,2,2022-05-26 15:52:13
96,_game_o_f_thrones_,Cd0305cJ8HV,"#followformoreğŸ‘‡ğŸ‘‡
@_game_o_f_thrones_
@_game_o_f_thrones_
@_game_o_f_thrones_
.
.
#gameofthrones #got #daenerystargaryen #jonsnow #emiliaclarke",115,0,2022-05-21 16:04:14
97,_game_o_f_thrones_,CdvixFjrKGb,"ğŸ˜‚ğŸ˜‚
#followformoreğŸ‘‡ğŸ‘‡
@_game_o_f_thrones_
@_game_o_f_thrones_
@_game_o_f_thrones_
.
.
#gameofthrones #got #daenerystargaryen #jonsnow #emiliaclarke",85,2,2022-05-19 14:24:00
98,_game_o_f_thrones_,CdqcOWZNabS,"ğŸ˜”â¤ï¸ğŸ’”
#followformoreğŸ‘‡ğŸ‘‡
@_game_o_f_thrones_
@_game_o_f_thrones_
@_game_o_f_thrones_
.
.
#gameofthrones #got #daenerystargaryen #jonsnow #emiliaclarke",130,0,2022-05-17 14:52:01
99,_game_o_f_thrones_,CdizaOhLfYf,"â˜ ï¸ğŸ’€
#followformoreğŸ‘‡ğŸ‘‡
@_game_o_f_thrones_
@_game_o_f_thrones_
@_game_o_f_thrones_
.
.
#gameofthrones #got #daenerystargaryen #jonsnow #emiliaclarke",67,0,2022-05-14 15:39:18
100,_game_o_f_thrones_,CdgLHC_LmH7,"QUEEN ğŸ‘‘â¤ï¸
#followformoreğŸ‘‡ğŸ‘‡
@_game_o_f_thrones_
@_game_o_f_thrones_
@_game_o_f_thrones_
.
.
#gameofthrones #got #daenerystargaryen #jonsnow #emiliaclarke",232,2,2022-05-13 15:08:41
101,_game_o_f_thrones_,Cddlj5yrE_J,"starks â¤ï¸ğŸ˜â¤ï¸
#followformoreğŸ‘‡ğŸ‘‡
@_game_o_f_thrones_
@_game_o_f_thrones_
@_game_o_f_thrones_
.
.
#gameofthrones #got #daenerystargaryen #jonsnow #emiliaclarke",59,0,2022-05-12 15:02:05
102,_game_o_f_thrones_,Cda-2h8p_-V,"#followformoreğŸ‘‡ğŸ‘‡
@_game_o_f_thrones_
@_game_o_f_thrones_
@_game_o_f_thrones_
.
.
#gameofthrones #got #daenerystargaryen #jonsnow #emiliaclarke",116,0,2022-05-11 14:45:22
103,_game_o_f_thrones_,CdBLjH7PVTF,"I am Daenerys Stormborn, of House Targaryen, of the blood of Old ValyriağŸ”¥
#followformoreğŸ‘‡ğŸ‘‡
@_game_o_f_thrones_
@_game_o_f_thrones_
@_game_o_f_thrones_
.
.
#gameofthrones #got #daenerystargaryen #jonsnow #emiliaclarke",220,0,2022-05-01 14:19:44
104,_game_o_f_thrones_,Cc-pf06L0d9,"#followformoreğŸ‘‡ğŸ‘‡
@_game_o_f_thrones_
@_game_o_f_thrones_
@_game_o_f_thrones_
.
.
#gameofthrones #got #daenerystargaryen #jonsnow #emiliaclarke",79,1,2022-04-30 14:40:02
105,_game_o_f_thrones_,Cc8Af7rM5Og,"Burn them all ğŸ”¥ğŸ²
#followformoreğŸ‘‡ğŸ‘‡
@_game_o_f_thrones_
@_game_o_f_thrones_
@_game_o_f_thrones_
.
.
#gameofthrones #got #daenerystargaryen #jonsnow #emiliaclarke",163,0,2022-04-29 14:03:46
106,_game_o_f_thrones_,Cc5gpA8MC91,"Sansa stark âš”ï¸ğŸ‘‘â¤ï¸
#followformoreğŸ‘‡ğŸ‘‡
@_game_o_f_thrones_
@_game_o_f_thrones_
@_game_o_f_thrones_
.
.
#gameofthrones #got #daenerystargaryen #jonsnow #emiliaclarke",116,1,2022-04-28 14:48:43
107,_game_o_f_thrones_,Ccx5tNTpgUG,"#followformoreğŸ‘‡ğŸ‘‡
@_game_o_f_thrones_
@_game_o_f_thrones_
@_game_o_f_thrones_
.
.
#gameofthrones #got #daenerystargaryen #jonsnow #emiliaclarke",131,2,2022-04-25 15:51:32
108,_game_o_f_thrones_,CcssMdErgkO,"â¤ï¸âš”ï¸
#followformoreğŸ‘‡ğŸ‘‡
@_game_o_f_thrones_
@_game_o_f_thrones_
@_game_o_f_thrones_
.
.
#gameofthrones #got #daenerystargaryen #jonsnow #emiliaclarke",143,0,2022-04-23 15:17:16
109,_game_o_f_thrones_,CckzHdxAOX_,"#followformoreğŸ‘‡ğŸ‘‡
@_game_o_f_thrones_
@_game_o_f_thrones_
@_game_o_f_thrones_
.
.
#gameofthrones #got #daenerystargaryen #jonsnow #emiliaclarke",109,2,2022-04-20 13:44:15
110,_game_o_f_thrones_,CcftyFsrP2-,"stark sisters â¤ï¸âš”ï¸
#followformoreğŸ‘‡ğŸ‘‡
@_game_o_f_thrones_
@_game_o_f_thrones_
@_game_o_f_thrones_
.
.
#gameofthrones #got #daenerystargaryen #jonsnow #emiliaclarke",112,1,2022-04-18 14:21:01
111,_game_o_f_thrones_,CcajxL4LBLx,"âš”ï¸ğŸ‘‘â¤ï¸
#followformoreğŸ‘‡ğŸ‘‡
@_game_o_f_thrones_
@_game_o_f_thrones_
@_game_o_f_thrones_
.
.
#gameofthrones #got #daenerystargaryen #jonsnow #emiliaclarke",151,0,2022-04-16 14:17:19
112,_game_o_f_thrones_,CcVcNM7sWl0,"#followformoreğŸ‘‡ğŸ‘‡
@_game_o_f_thrones_
@_game_o_f_thrones_
@_game_o_f_thrones_
.
.
#gameofthrones #got #daenerystargaryen #jonsnow #emiliaclarke",152,0,2022-04-14 14:35:02
113,_game_o_f_thrones_,CcQUVWwMN4t,"ğŸ˜ğŸ˜‰
#followformoreğŸ‘‡ğŸ‘‡
@_game_o_f_thrones_
@_game_o_f_thrones_
@_game_o_f_thrones_
.
.
#gameofthrones #got #daenerystargaryen #jonsnow #emiliaclarke",149,1,2022-04-12 14:50:02
114,_game_o_f_thrones_,CcNyxpSsOhw,"â˜ ï¸âš”ï¸
#followformoreğŸ‘‡ğŸ‘‡
@_game_o_f_thrones_
@_game_o_f_thrones_
@_game_o_f_thrones_
.
.
#gameofthrones #got #daenerystargaryen #jonsnow #emiliaclarke",141,0,2022-04-11 15:18:19
115,_game_o_f_thrones_,CcF3Fd-L0WR,"#followformoreğŸ‘‡ğŸ‘‡
@_game_o_f_thrones_
@_game_o_f_thrones_
@_game_o_f_thrones_
.
.
#gameofthrones #got #daenerystargaryen #jonsnow #emiliaclarke",134,1,2022-04-08 13:22:03
116,_game_o_f_thrones_,Cb-OomQsIPM,"ğŸ¤âš”ï¸ğŸ‘‘
#followformoreğŸ‘‡ğŸ‘‡
@_game_o_f_thrones_
@_game_o_f_thrones_
@_game_o_f_thrones_
.
.
#gameofthrones #got #daenerystargaryen #jonsnow #emiliaclarke",187,1,2022-04-05 14:13:54
117,_game_o_f_thrones_,Cb7v4gwrsLc,"ğŸ˜ªğŸ˜‚ğŸ˜‚
#followformoreğŸ‘‡ğŸ‘‡
@_game_o_f_thrones_
@_game_o_f_thrones_
@_game_o_f_thrones_
.
.
#gameofthrones #got #daenerystargaryen #jonsnow #emiliaclarke",150,1,2022-04-04 15:06:43
118,_game_o_f_thrones_,Cb5JQErLoiU,"ğŸ˜‚ğŸ˜‚â˜ ï¸ğŸ˜‚
#followformoreğŸ‘‡ğŸ‘‡
@_game_o_f_thrones_
@_game_o_f_thrones_
@_game_o_f_thrones_
.
.
#gameofthrones #got #daenerystargaryen #jonsnow #emiliaclarke",124,0,2022-04-03 14:50:40
119,_game_o_f_thrones_,CbxaSXAACIy,"one of the greatest series of all time â¤ï¸ğŸ‘‘âš”ï¸ğŸ”¥
#followformoreğŸ‘‡ğŸ‘‡
@_game_o_f_thrones_
@_game_o_f_thrones_
@_game_o_f_thrones_
.
.
#gameofthrones #got #daenerystargaryen #jonsnow #emiliaclarke",234,3,2022-03-31 14:46:05
120,_game_o_f_thrones_,CbxZ602rp9d,"Finally, the date has announced. â¤ï¸ğŸ²ğŸ²ğŸ”¥
#followformoreğŸ‘‡ğŸ‘‡
@_game_o_f_thrones_
@_game_o_f_thrones_
@_game_o_f_thrones_
.
.
#gameofthrones #got #daenerystargaryen #jonsnow #emiliaclarke",89,0,2022-03-31 14:42:23
121,_game_o_f_thrones_,CbuzNS8rrPY,"â¤ï¸ğŸ˜¢
#followformoreğŸ‘‡ğŸ‘‡
@_game_o_f_thrones_
@_game_o_f_thrones_
@_game_o_f_thrones_
.
.
#gameofthrones #got #daenerystargaryen #jonsnow #emiliaclarke",132,0,2022-03-30 14:25:38
122,_game_o_f_thrones_,CbsTDQbvAPI,"A good World â¤ï¸ğŸŒâš”ï¸ğŸ‘‘
#followformoreğŸ‘‡ğŸ‘‡
@_game_o_f_thrones_
@_game_o_f_thrones_
@_game_o_f_thrones_
.
.
#gameofthrones #got #daenerystargaryen #jonsnow #emiliaclarke",109,1,2022-03-29 15:06:49
123,_game_o_f_thrones_,CbplUsYMTz1,"â¤ï¸ğŸ¥µğŸ”¥
#followformoreğŸ‘‡ğŸ‘‡
@_game_o_f_thrones_
@_game_o_f_thrones_
@_game_o_f_thrones_
.
.
#gameofthrones #got #daenerystargaryen #jonsnow #emiliaclarke",169,1,2022-03-28 13:48:34
124,_game_o_f_thrones_,CbfVhTjrojC,"which place is your favourite ğŸ‘‘âš”ï¸â¤ï¸
#followformoreğŸ‘‡ğŸ‘‡
@_game_o_f_thrones_
@_game_o_f_thrones_
@_game_o_f_thrones_
.
.
#gameofthrones #got #daenerystargaryen #jonsnow #emiliaclarke",158,6,2022-03-24 14:17:37
125,_game_o_f_thrones_,CbczrZXPj04,"Cast reaction ğŸ˜‚â¤ï¸
#followformoreğŸ‘‡ğŸ‘‡
@_game_o_f_thrones_
@_game_o_f_thrones_
@_game_o_f_thrones_
.
.
#gameofthrones #got #daenerystargaryen #jonsnow #emiliaclarke",174,3,2022-03-23 14:44:24
126,_game_o_f_thrones_,CbXqNwfLpQ3,"â¤ï¸ğŸ”¥âš”ï¸
#followformoreğŸ‘‡ğŸ‘‡
@_game_o_f_thrones_
@_game_o_f_thrones_
@_game_o_f_thrones_
.
.
#gameofthrones #got #daenerystargaryen #jonsnow #emiliaclarke",156,0,2022-03-21 14:44:31
127,_game_o_f_thrones_,CbU6la0M01D,"Not all of them â¤ï¸âš”ï¸ğŸ”¥
#followformoreğŸ‘‡ğŸ‘‡
@_game_o_f_thrones_
@_game_o_f_thrones_
@_game_o_f_thrones_
.
.
#gameofthrones #got #daenerystargaryen #jonsnow #emiliaclarke",123,0,2022-03-20 13:10:32
128,_game_o_f_thrones_,CbNWbSWJ5nJ,"ğŸŒğŸŒ
#followformoreğŸ‘‡ğŸ‘‡
@_game_o_f_thrones_
@_game_o_f_thrones_
@_game_o_f_thrones_
.
.
#gameofthrones #got #daenerystargaryen #jonsnow #emiliaclarke",156,2,2022-03-17 14:39:12
129,_game_o_f_thrones_,CbIKwDdsF5P,"â˜ ï¸ğŸ˜¢
#followformoreğŸ‘‡ğŸ‘‡
@_game_o_f_thrones_
@_game_o_f_thrones_
@_game_o_f_thrones_
.
.
#gameofthrones #got #daenerystargaryen #jonsnow #emiliaclarke",140,1,2022-03-15 14:20:59
130,_game_o_f_thrones_,CbFpVsVLqJa,"your favourite battle ğŸ¹âš”ï¸
#followformoreğŸ‘‡ğŸ‘‡
@_game_o_f_thrones_
@_game_o_f_thrones_
@_game_o_f_thrones_
.
.
#gameofthrones #got #daenerystargaryen #jonsnow #emiliaclarke",189,3,2022-03-14 14:50:32
131,_game_o_f_thrones_,CbAZcLGr4oD,"ğŸ˜‚ğŸ˜‚ğŸ˜–
#followformoreğŸ‘‡ğŸ‘‡
@_game_o_f_thrones_
@_game_o_f_thrones_
@_game_o_f_thrones_
.
.
#gameofthrones #got #daenerystargaryen #jonsnow #emiliaclarke",82,2,2022-03-12 13:55:33
132,_game_o_f_thrones_,Ca7OuNULOFP,"â˜ ï¸â˜ ï¸
#followformoreğŸ‘‡ğŸ‘‡
@_game_o_f_thrones_
@_game_o_f_thrones_
@_game_o_f_thrones_
.
.
#gameofthrones #got #daenerystargaryen #jonsnow #emiliaclarke",185,0,2022-03-10 13:45:33
133,_game_o_f_thrones_,Ca2C8v8BmNw,"ğŸ˜ğŸ¥µ
#followformoreğŸ‘‡ğŸ‘‡
@_game_o_f_thrones_
@_game_o_f_thrones_
@_game_o_f_thrones_
.
.
#gameofthrones #got #daenerystargaryen #jonsnow #emiliaclarke",172,0,2022-03-08 13:26:29
134,_game_o_f_thrones_,Cazm0v3L6wt,"â¤ï¸ğŸ˜»
#followformoreğŸ‘‡ğŸ‘‡
@_game_o_f_thrones_
@_game_o_f_thrones_
@_game_o_f_thrones_
.
.
#gameofthrones #got #daenerystargaryen #jonsnow #emiliaclarke",288,1,2022-03-07 14:42:14
135,_game_o_f_thrones_,CaxC13rhR4i,"â˜ ï¸â˜ ï¸
#followformoreğŸ‘‡ğŸ‘‡
@_game_o_f_thrones_
@_game_o_f_thrones_
@_game_o_f_thrones_
.
.
#gameofthrones #got #daenerystargaryen #jonsnow #emiliaclarke",113,0,2022-03-06 14:49:20
136,_game_o_f_thrones_,CauabEohuPW,"â˜ ï¸ğŸ‘‘â˜ ï¸
#followformoreğŸ‘‡ğŸ‘‡
@_game_o_f_thrones_
@_game_o_f_thrones_
@_game_o_f_thrones_
.
.
#gameofthrones #got #daenerystargaryen #jonsnow #emiliaclarke",229,1,2022-03-05 14:18:06
137,_game_o_f_thrones_,CarrVhCDSuD,"Jon snow â„ï¸ğŸ‘‘
#followformoreğŸ‘‡ğŸ‘‡
@_game_o_f_thrones_
@_game_o_f_thrones_
@_game_o_f_thrones_
.
.
#gameofthrones #got #daenerystargaryen #jonsnow #emiliaclarke",120,0,2022-03-04 12:48:00
138,_game_o_f_thrones_,CamqF0XBHMd,"ğŸ˜‚ğŸ˜‚
#followformoreğŸ‘‡ğŸ‘‡
@_game_o_f_thrones_
@_game_o_f_thrones_
@_game_o_f_thrones_
.
.
#gameofthrones #got #daenerystargaryen #jonsnow #emiliaclarke",140,0,2022-03-02 14:00:39
139,_game_o_f_thrones_,CakG2MzunxC,"â™¥ï¸ğŸ˜‚ğŸ˜‚
#followformoreğŸ‘‡ğŸ‘‡
@_game_o_f_thrones_
@_game_o_f_thrones_
@_game_o_f_thrones_
.
.
#gameofthrones #got #daenerystargaryen #jonsnow #emiliaclarke",173,1,2022-03-01 14:15:12
140,_game_o_f_thrones_,CahjEvXBz54,"â™¥ï¸ğŸ‘‘â™¥ï¸
#followformoreğŸ‘‡ğŸ‘‡
@_game_o_f_thrones_
@_game_o_f_thrones_
@_game_o_f_thrones_
.
.
#gameofthrones #got #daenerystargaryen #jonsnow #emiliaclarke",269,2,2022-02-28 14:24:02
141,_game_o_f_thrones_,CacWCrwBSsc,"ğŸ˜‚â¤ï¸
#followformoreğŸ‘‡ğŸ‘‡
@_game_o_f_thrones_
@_game_o_f_thrones_
@_game_o_f_thrones_
.
.
#gameofthrones #got #daenerystargaryen #jonsnow #emiliaclarke",237,1,2022-02-26 13:55:23
142,_game_o_f_thrones_,CaZs7FXBhdr,"ğŸ˜‚ğŸŒš
#followformoreğŸ‘‡ğŸ‘‡
@_game_o_f_thrones_
@_game_o_f_thrones_
@_game_o_f_thrones_
.
.
#gameofthrones #got #daenerystargaryen #jonsnow #emiliaclarke",225,4,2022-02-25 13:15:17
143,_game_o_f_thrones_,CaUkLRLh_D9,"Hold the door ğŸ’”ğŸ’”
#followformoreğŸ‘‡ğŸ‘‡
@_game_o_f_thrones_
@_game_o_f_thrones_
@_game_o_f_thrones_
.
.
#gameofthrones #got #daenerystargaryen #jonsnow #emiliaclarke",198,4,2022-02-23 13:22:59
144,_game_o_f_thrones_,CaSAQAThSBc,"ğŸ˜‚ğŸ˜‚ğŸ¤£
#followformoreğŸ‘‡ğŸ‘‡
@_game_o_f_thrones_
@_game_o_f_thrones_
@_game_o_f_thrones_
.
.
#gameofthrones #got #daenerystargaryen #jonsnow #emiliaclarke",94,0,2022-02-22 13:30:14
145,_game_o_f_thrones_,CaPd_XdhSB1,"ğŸ˜‚ğŸ˜‚
#followformoreğŸ‘‡ğŸ‘‡
@_game_o_f_thrones_
@_game_o_f_thrones_
@_game_o_f_thrones_
.
.
#gameofthrones #got #daenerystargaryen #jonsnow #emiliaclarke",152,1,2022-02-21 13:52:23
146,_game_o_f_thrones_,CaM9VeMhKx6,"â™¥ï¸ğŸ‘‘â™¥ï¸
#followformoreğŸ‘‡ğŸ‘‡
@_game_o_f_thrones_
@_game_o_f_thrones_
@_game_o_f_thrones_
.
.
#gameofthrones #got #daenerystargaryen #jonsnow #emiliaclarke",227,0,2022-02-20 14:28:34
147,_game_o_f_thrones_,CaFJ1dZBRE3,"ğŸ‘‘ğŸ”¥ğŸ²
#followformoreğŸ‘‡ğŸ‘‡
@_game_o_f_thrones_
@_game_o_f_thrones_
@_game_o_f_thrones_
.
.
#gameofthrones #got #daenerystargaryen #jonsnow #emiliaclarke",119,1,2022-02-17 13:44:27
148,_game_o_f_thrones_,CaChTToB0HC,"ğŸ•ºğŸ’ƒ
#followformoreğŸ‘‡ğŸ‘‡
@_game_o_f_thrones_
@_game_o_f_thrones_
@_game_o_f_thrones_
.
.
#gameofthrones #got #daenerystargaryen #jonsnow #emiliaclarke",242,1,2022-02-16 13:11:32
149,_game_o_f_thrones_,CZ_7kR7BA2N,"ğŸ”¥ğŸ²
#followformoreğŸ‘‡ğŸ‘‡
@_game_o_f_thrones_
@_game_o_f_thrones_
@_game_o_f_thrones_
.
.
#gameofthrones #got #daenerystargaryen #jonsnow #emiliaclarke",257,0,2022-02-15 13:03:46
150,_game_o_f_thrones_,CZ6xA7aBSxY,"Dragon ğŸ²ğŸ‰ğŸ”¥
#followformoreğŸ‘‡ğŸ‘‡
@_game_o_f_thrones_
@_game_o_f_thrones_
@_game_o_f_thrones_
.
.
#gameofthrones #got #daenerystargaryen #jonsnow #emiliaclarke",212,4,2022-02-13 12:55:35
151,_game_o_f_thrones_,CZ1lEJdh4WM,"ğŸ·ğŸ¾
#followformoreğŸ‘‡ğŸ‘‡
@_game_o_f_thrones_
@_game_o_f_thrones_
@_game_o_f_thrones_
.
.
#gameofthrones #got #daenerystargaryen #jonsnow #emiliaclarke",197,0,2022-02-11 12:34:23
152,_game_o_f_thrones_,CZwcvV-BA_D,"Dracarys ğŸ”¥ğŸ”¥
#followformoreğŸ‘‡ğŸ‘‡
@_game_o_f_thrones_
@_game_o_f_thrones_
@_game_o_f_thrones_
.
.
#gameofthrones #got #daenerystargaryen #jonsnow #emiliaclarke",228,0,2022-02-09 12:45:24
153,_game_o_f_thrones_,CZrViVaBaj0,"ğŸ²ğŸ”¥ğŸ²ğŸ”¥
#followformoreğŸ‘‡ğŸ‘‡
@_game_o_f_thrones_
@_game_o_f_thrones_
@_game_o_f_thrones_
.
.
#gameofthrones #got #daenerystargaryen #jonsnow #emiliaclarke",140,0,2022-02-07 13:07:32
154,_game_o_f_thrones_,CZovdcapjT7,"battle of bastards âš”ï¸ğŸ‘‘âš”ï¸
#followformoreğŸ‘‡ğŸ‘‡
@_game_o_f_thrones_
@_game_o_f_thrones_
@_game_o_f_thrones_
.
.
#gameofthrones #got #daenerystargaryen #jonsnow #emiliaclarke",199,3,2022-02-06 12:55:28
155,_game_o_f_thrones_,CZmRYJ7Jbdv,"ğŸ™ŠğŸ™Š
#followformoreğŸ‘‡ğŸ‘‡
@_game_o_f_thrones_
@_game_o_f_thrones_
@_game_o_f_thrones_
.
.
#gameofthrones #got #daenerystargaryen #jonsnow #emiliaclarke",122,0,2022-02-05 13:54:19
156,_game_o_f_thrones_,CZjlWR9plco,"ğŸ˜‚ğŸ¤£ğŸ¤£
#followformoreğŸ‘‡ğŸ‘‡
@_game_o_f_thrones_
@_game_o_f_thrones_
@_game_o_f_thrones_
.
.
#gameofthrones #got #daenerystargaryen #jonsnow #emiliaclarke",203,6,2022-02-04 12:50:25
157,_game_o_f_thrones_,CZhEadbBDj8,"ğŸ˜‚ğŸ˜‚â˜ ï¸â˜ ï¸
#followformoreğŸ‘‡ğŸ‘‡
@_game_o_f_thrones_
@_game_o_f_thrones_
@_game_o_f_thrones_
.
.
#gameofthrones #got #daenerystargaryen #jonsnow #emiliaclarke",232,1,2022-02-03 13:23:50
158,_game_o_f_thrones_,CZecf_iAtzr,"It's Emilia Clarke â™¥ï¸ğŸ”¥
#followformoreğŸ‘‡ğŸ‘‡
@_game_o_f_thrones_
@_game_o_f_thrones_
@_game_o_f_thrones_
.
.
#gameofthrones #got #daenerystargaryen #jonsnow #emiliaclarke",214,1,2022-02-02 12:57:27
159,_game_o_f_thrones_,CZb3X5QleNt,"The iron throne âš”ï¸ğŸ”¥âš”ï¸
#followformoreğŸ‘‡ğŸ‘‡
@_game_o_f_thrones_
@_game_o_f_thrones_
@_game_o_f_thrones_
.
.
#gameofthrones #got #daenerystargaryen #jonsnow #emiliaclarke",187,1,2022-02-01 12:54:09
160,_game_o_f_thrones_,CZZT8K_lguZ,"Yeah ğŸ”¥â™¥ï¸
#followformoreğŸ‘‡ğŸ‘‡
@_game_o_f_thrones_
@_game_o_f_thrones_
@_game_o_f_thrones_
.
.
#gameofthrones #got #daenerystargaryen #jonsnow #emiliaclarke",181,1,2022-01-31 13:05:45
161,_game_o_f_thrones_,CZW2QrJMGsd,"ğŸ˜‚ğŸ˜‚
#followformoreğŸ‘‡ğŸ‘‡
@_game_o_f_thrones_
@_game_o_f_thrones_
@_game_o_f_thrones_
.
.
#gameofthrones #got #daenerystargaryen #jonsnow #emiliaclarke",277,0,2022-01-30 14:08:34
162,_game_o_f_thrones_,CZRgeswFFVH,"â™¥ï¸ğŸ”¥â™¥ï¸ğŸ”¥
#followformoreğŸ‘‡ğŸ‘‡
@_game_o_f_thrones_
@_game_o_f_thrones_
@_game_o_f_thrones_
.
.
#gameofthrones #got #daenerystargaryen #jonsnow #emiliaclarke",151,1,2022-01-28 12:21:33
163,_game_o_f_thrones_,CZO9S_BJc0n,"â™¥ï¸ğŸ’”
#followformoreğŸ‘‡ğŸ‘‡
@_game_o_f_thrones_
@_game_o_f_thrones_
@_game_o_f_thrones_
.
.
#gameofthrones #got #daenerystargaryen #jonsnow #emiliaclarke",108,0,2022-01-27 12:35:50
164,_game_o_f_thrones_,CZMVmxTP4IV,"Mother of dragon ğŸ²ğŸ”¥ğŸ‘‘
#followformoreğŸ‘‡ğŸ‘‡
@_game_o_f_thrones_
@_game_o_f_thrones_
@_game_o_f_thrones_
.
.
#gameofthrones #got #daenerystargaryen #jonsnow #emiliaclarke",337,2,2022-01-26 12:10:45
165,_game_o_f_thrones_,CZJ34OQrMKf,"House stark ğŸºâš”ï¸
#followformoreğŸ‘‡ğŸ‘‡
@_game_o_f_thrones_
@_game_o_f_thrones_
@_game_o_f_thrones_
.
.
#gameofthrones #got #daenerystargaryen #jonsnow #emiliaclarke",267,1,2022-01-25 13:12:51
166,_game_o_f_thrones_,CZExo2vPesC,"ğŸ˜‚ğŸ˜‚
#followformoreğŸ‘‡ğŸ‘‡
@_game_o_f_thrones_
@_game_o_f_thrones_
@_game_o_f_thrones_
.
.
#gameofthrones #got #daenerystargaryen #jonsnow #emiliaclarke",124,0,2022-01-23 13:41:02
167,_game_o_f_thrones_,CZCGcoVsXN0,"ğŸ¤£ğŸ¤£
#followformoreğŸ‘‡ğŸ‘‡
@_game_o_f_thrones_
@_game_o_f_thrones_
@_game_o_f_thrones_
.
.
#gameofthrones #got #daenerystargaryen #jonsnow #emiliaclarke",165,1,2022-01-22 12:45:08
168,_game_o_f_thrones_,CY_iAUjPIxi,"ğŸ˜‚ğŸ˜‚ğŸ²
#followformoreğŸ‘‡ğŸ‘‡
@_game_o_f_thrones_
@_game_o_f_thrones_
@_game_o_f_thrones_
.
.
#gameofthrones #got #daenerystargaryen #jonsnow #emiliaclarke",157,1,2022-01-21 12:48:13
169,_game_o_f_thrones_,CY84WYeAiE1,"â¤ï¸âš”ï¸â„ï¸ğŸºğŸ²
#followformoreğŸ‘‡ğŸ‘‡
@_game_o_f_thrones_
@_game_o_f_thrones_
@_game_o_f_thrones_
.
.
#gameofthrones #got #daenerystargaryen #jonsnow #emiliaclarke",244,0,2022-01-20 12:06:09
170,_game_o_f_thrones_,CY6YejJP_Pm,"ğŸ¤£ğŸ¤£ğŸ¤£ğŸ˜‚
#followformoreğŸ‘‡ğŸ‘‡
@_game_o_f_thrones_
@_game_o_f_thrones_
@_game_o_f_thrones_
.
.
#gameofthrones #got #daenerystargaryen #jonsnow #emiliaclarke",118,0,2022-01-19 12:49:26
171,_game_o_f_thrones_,CY38u_dvFNz,"Peter DinklageğŸ‘‘âš”ï¸
#followformoreğŸ‘‡ğŸ‘‡
@_game_o_f_thrones_
@_game_o_f_thrones_
@_game_o_f_thrones_
.
.
#gameofthrones #got #daenerystargaryen #jonsnow #emiliaclarke",259,3,2022-01-18 14:08:37
172,_game_o_f_thrones_,CY1UU9ive_N,"ğŸ‘‘â¤ï¸âš”ï¸
#followformoreğŸ‘‡ğŸ‘‡
@_game_o_f_thrones_
@_game_o_f_thrones_
@_game_o_f_thrones_
.
.
#gameofthrones #got #daenerystargaryen #jonsnow #emiliaclarke",154,0,2022-01-17 13:36:41
173,_game_o_f_thrones_,CYytbd7vfr0,"ğŸ˜“ğŸ˜
#followformoreğŸ‘‡ğŸ‘‡
@_game_o_f_thrones_
@_game_o_f_thrones_
@_game_o_f_thrones_
.
.
#gameofthrones #got #daenerystargaryen #jonsnow #emiliaclarke",199,2,2022-01-16 13:17:55
174,_game_o_f_thrones_,CYwAQh9lJpj,"Dragon queen and Arya stark ğŸºğŸ²ğŸ‘‘âš”ï¸
#followformoreğŸ‘‡ğŸ‘‡
@_game_o_f_thrones_
@_game_o_f_thrones_
@_game_o_f_thrones_
.
.
#gameofthrones #got #daenerystargaryen #jonsnow #emiliaclarke",183,1,2022-01-15 12:05:05
175,_game_o_f_thrones_,CYtknACPcZh,"ğŸ˜‚ğŸ˜‚
#followformoreğŸ‘‡ğŸ‘‡
@_game_o_f_thrones_
@_game_o_f_thrones_
@_game_o_f_thrones_
.
.
#gameofthrones #got #daenerystargaryen #jonsnow #emiliaclarke",116,0,2022-01-14 13:24:39
176,_game_o_f_thrones_,CYq312pA_OK,"Queen in the north ğŸ‘‘â„ï¸âš”ï¸
#followformoreğŸ‘‡ğŸ‘‡
@_game_o_f_thrones_
@_game_o_f_thrones_
@_game_o_f_thrones_
.
.
#gameofthrones #got #daenerystargaryen #jonsnow #emiliaclarke",193,0,2022-01-13 12:15:11
177,_game_o_f_thrones_,CYoeRZrv7ut,"Which one do you prefer â„ï¸
#followformoreğŸ‘‡ğŸ‘‡
@_game_o_f_thrones_
@_game_o_f_thrones_
@_game_o_f_thrones_
.
.
#gameofthrones #got #daenerystargaryen #jonsnow #emiliaclarke",122,0,2022-01-12 13:53:04
178,_game_o_f_thrones_,CYl0ayYvVGw,"Margaery Tyrell â¤ï¸ğŸ¥µ
#followformoreğŸ‘‡ğŸ‘‡
@_game_o_f_thrones_
@_game_o_f_thrones_
@_game_o_f_thrones_
.
.
#gameofthrones #got #daenerystargaryen #jonsnow #emiliaclarke",220,4,2022-01-11 13:10:05
179,_game_o_f_thrones_,CYjRYvJs_9d,"Jon snow âš”ï¸â„ï¸ ğŸ‘‘
#followformoreğŸ‘‡ğŸ‘‡
@_game_o_f_thrones_
@_game_o_f_thrones_
@_game_o_f_thrones_
.
.
#gameofthrones #got #daenerystargaryen #jonsnow #emiliaclarke",185,2,2022-01-10 13:24:16
180,_game_o_f_thrones_,CYghRabvlU3,"ğŸ˜­ğŸ˜­ğŸ¤£
#followformoreğŸ‘‡ğŸ‘‡
@_game_o_f_thrones_
@_game_o_f_thrones_
@_game_o_f_thrones_
.
.
#gameofthrones #got #daenerystargaryen #jonsnow #emiliaclarke",303,1,2022-01-09 11:45:22
181,_game_o_f_thrones_,CYWUebxtVou,"ğŸ•ºğŸ‘‘
#followformoreğŸ‘‡ğŸ‘‡
@_game_o_f_thrones_
@_game_o_f_thrones_
@_game_o_f_thrones_
.
.
#gameofthrones #got #daenerystargaryen #jonsnow #emiliaclarke",65,1,2022-01-05 12:41:29
182,_game_o_f_thrones_,CYT0-f5MHdh,"âš”ï¸ğŸ‘‘ğŸ”¥
#followformoreğŸ‘‡ğŸ‘‡
@_game_o_f_thrones_
@_game_o_f_thrones_
@_game_o_f_thrones_
.
.
#gameofthrones #got #daenerystargaryen #jonsnow #emiliaclarke",154,0,2022-01-04 13:27:52
183,_game_o_f_thrones_,CYRQGzKPhPG,What you think? ğŸ¤”ğŸ¤”,167,0,2022-01-03 13:26:45
184,_game_o_f_thrones_,CYOgW8gvh8V,"A good world ğŸŒğŸ‘‘
#followformoreğŸ‘‡ğŸ‘‡
@_game_o_f_thrones_
@_game_o_f_thrones_
@_game_o_f_thrones_
.
.
#gameofthrones #got #daenerystargaryen #jonsnow #emiliaclarke",163,1,2022-01-02 11:51:31
185,_game_o_f_thrones_,CYMFQf0DuuP,"She is ğŸ”¥ğŸ‘‘âš”ï¸ğŸ¥µ
#followformoreğŸ‘‡ğŸ‘‡
@_game_o_f_thrones_
@_game_o_f_thrones_
@_game_o_f_thrones_
.
.
#gameofthrones #got #daenerystargaryen #jonsnow #emiliaclarke",191,0,2022-01-01 13:16:17
186,_game_o_f_thrones_,CYJc0VtNVoU,"khaleesi of a dothrakiğŸ‘‘ğŸ”¥âš”ï¸
#followformoreğŸ‘‡ğŸ‘‡
@_game_o_f_thrones_
@_game_o_f_thrones_
@_game_o_f_thrones_
.
.
#gameofthrones #got #daenerystargaryen #jonsnow #emiliaclarke",192,1,2021-12-31 12:44:16
187,_game_o_f_thrones_,CYETGIPP8yo,"âš”ï¸â„ï¸ğŸ»
#followformoreğŸ‘‡ğŸ‘‡
@_game_o_f_thrones_
@_game_o_f_thrones_
@_game_o_f_thrones_
.
.
#gameofthrones #got #daenerystargaryen #jonsnow #emiliaclarke",186,1,2021-12-29 12:43:16
188,_game_o_f_thrones_,CYByfmYrPqB,"When Jon killed a white Walkerâš”ï¸â„ï¸
#followformoreğŸ‘‡ğŸ‘‡
@_game_o_f_thrones_
@_game_o_f_thrones_
@_game_o_f_thrones_
.
.
#gameofthrones #got #daenerystargaryen #jonsnow #emiliaclarke",184,1,2021-12-28 13:20:13
189,_game_o_f_thrones_,CX_Islitmwe,"â™¥ï¸ğŸ”¥âš”ï¸
#followformoreğŸ‘‡ğŸ‘‡
@_game_o_f_thrones_
@_game_o_f_thrones_
@_game_o_f_thrones_
.
.
#gameofthrones #got #daenerystargaryen #jonsnow #emiliaclarke",146,0,2021-12-27 12:35:51
190,_game_o_f_thrones_,CX8iB4pvCFM,"Jon snow âš”ï¸ğŸ‘‘ğŸ”¥
#followformoreğŸ‘‡ğŸ‘‡
@_game_o_f_thrones_
@_game_o_f_thrones_
@_game_o_f_thrones_
.
.
#gameofthrones #got #daenerystargaryen #jonsnow #emiliaclarke",306,3,2021-12-26 12:19:46
191,_game_o_f_thrones_,CX57MDiLPj6,"ğŸ²ğŸ”¥ğŸ‘‘
#followformoreğŸ‘‡ğŸ‘‡
@_game_o_f_thrones_
@_game_o_f_thrones_
@_game_o_f_thrones_
.
.
#gameofthrones #got #daenerystargaryen #jonsnow #emiliaclarke",309,2,2021-12-25 12:01:49
192,_game_o_f_thrones_,CX3Xp0btGtG,"I demand a trial by combat âš”ï¸ğŸ”¥
#followformoreğŸ‘‡ğŸ‘‡
@_game_o_f_thrones_
@_game_o_f_thrones_
@_game_o_f_thrones_
.
.
#gameofthrones #got #daenerystargaryen #jonsnow #emiliaclarke",204,0,2021-12-24 12:12:47
193,_game_o_f_thrones_,CX03y_Ysyzm,"I am Arya starkğŸºâ„ï¸
#followformoreğŸ‘‡ğŸ‘‡
@_game_o_f_thrones_
@_game_o_f_thrones_
@_game_o_f_thrones_
.
.
#gameofthrones #got #daenerystargaryen #jonsnow #emiliaclarke",323,4,2021-12-23 12:56:19
194,_game_o_f_thrones_,CXyTybfsO0Z,"I am Daenerys Stormborn, of House Targaryen, of the blood of Old ValyriağŸ”¥
#followformoreğŸ‘‡ğŸ‘‡
@_game_o_f_thrones_
@_game_o_f_thrones_
@_game_o_f_thrones_
.
.
#gameofthrones #got #daenerystargaryen #jonsnow #emiliaclarke",335,4,2021-12-22 13:02:48
195,_game_o_f_thrones_,CXvqeUDLuyf,"Joffrey ğŸ˜‚ğŸ˜‚
#followformoreğŸ‘‡ğŸ‘‡
@_game_o_f_thrones_
@_game_o_f_thrones_
@_game_o_f_thrones_
.
.
#gameofthrones #got #daenerystargaryen #jonsnow #emiliaclarke",231,2,2021-12-21 12:23:19
196,_game_o_f_thrones_,CXtE0N0M0SK,"Sansa ğŸ‘‘â¤ï¸
#followformoreğŸ‘‡ğŸ‘‡
@_game_o_f_thrones_
@_game_o_f_thrones_
@_game_o_f_thrones_
.
.
#gameofthrones #got #daenerystargaryen #jonsnow #emiliaclarke",178,1,2021-12-20 12:15:26
197,_game_o_f_thrones_,CXq5QxILgKX,"Your family âš”ï¸ğŸ’€
#followformoreğŸ‘‡ğŸ‘‡
@_game_o_f_thrones_
@_game_o_f_thrones_
@_game_o_f_thrones_
.
.
#gameofthrones #got #daenerystargaryen #jonsnow #emiliaclarke",248,3,2021-12-19 15:56:43
198,_game_o_f_thrones_,CXn38NAs27Y,"Who said anything about him âš”ï¸â™¥ï¸
#followformoreğŸ‘‡ğŸ‘‡
@_game_o_f_thrones_
@_game_o_f_thrones_
@_game_o_f_thrones_
.
.
#gameofthrones #got #daenerystargaryen #jonsnow #emiliaclarke",214,0,2021-12-18 11:47:27
199,_game_o_f_thrones_,CXlckEGDYt_,"â™¥ï¸ğŸ‘‘â™¥ï¸
#followformoreğŸ‘‡ğŸ‘‡
@_game_o_f_thrones_
@_game_o_f_thrones_
@_game_o_f_thrones_
.
.
#gameofthrones #got #daenerystargaryen #jonsnow #emiliaclarke",248,2,2021-12-17 13:09:26
200,_game_o_f_thrones_,CXdpJt2pEmk,"â¤ï¸ğŸ˜â¤ï¸
#followformoreğŸ‘‡ğŸ‘‡
@_game_o_f_thrones_
@_game_o_f_thrones_
@_game_o_f_thrones_
.
.
#gameofthrones #got #daenerystargaryen #jonsnow #emiliaclarke",258,0,2021-12-14 12:25:52
201,_game_o_f_thrones_,CXbBjesvJgg,"It's a trap âš”ï¸ğŸ’€
#followformoreğŸ‘‡ğŸ‘‡
@_game_o_f_thrones_
@_game_o_f_thrones_
@_game_o_f_thrones_
.
.
#gameofthrones #got #daenerystargaryen #jonsnow #emiliaclarke",233,4,2021-12-13 12:00:37
202,_game_o_f_thrones_,CXYtJU_PkWT,"ğŸ˜â™¥ï¸â™¥ï¸ğŸ˜
#followformoreğŸ‘‡ğŸ‘‡
@_game_o_f_thrones_
@_game_o_f_thrones_
@_game_o_f_thrones_
.
.
#gameofthrones #got #daenerystargaryen #jonsnow #emiliaclarke",194,2,2021-12-12 14:24:12
203,_game_o_f_thrones_,CXTWTo1jP7D,"Arya and jon â¤ï¸
#followformoreğŸ‘‡ğŸ‘‡
@_game_o_f_thrones_
@_game_o_f_thrones_
@_game_o_f_thrones_
.
.
#gameofthrones #got #daenerystargaryen #jonsnow #emiliaclarke",428,1,2021-12-10 12:28:32
204,_game_o_f_thrones_,CXRWXknPlgs,"ğŸ˜‚ğŸ˜‚
#followformoreğŸ‘‡ğŸ‘‡
@_game_o_f_thrones_
@_game_o_f_thrones_
@_game_o_f_thrones_
.
.
#gameofthrones #got #daenerystargaryen #jonsnow #emiliaclarke",274,3,2021-12-09 17:50:05
205,_game_o_f_thrones_,CXOLgBFvmw4,"ğŸ”¥â¤ï¸
#followformoreğŸ‘‡ğŸ‘‡
@_game_o_f_thrones_
@_game_o_f_thrones_
@_game_o_f_thrones_
.
.
#gameofthrones #got #daenerystargaryen #jonsnow #emiliaclarke",94,1,2021-12-08 12:20:08
206,_game_o_f_thrones_,CXJFzYfs9gP,"Bring me his head âš”ï¸ğŸ’€
#followformoreğŸ‘‡ğŸ‘‡
@_game_o_f_thrones_
@_game_o_f_thrones_
@_game_o_f_thrones_
.
.
#gameofthrones #got #daenerystargaryen #jonsnow #emiliaclarke",206,3,2021-12-06 12:52:13
207,_game_o_f_thrones_,CXGbgHvNgkm,"Look at that â„ï¸â„ï¸
#followformoreğŸ‘‡ğŸ‘‡
@_game_o_f_thrones_
@_game_o_f_thrones_
@_game_o_f_thrones_
.
.
#gameofthrones #got #daenerystargaryen #jonsnow #emiliaclarke",346,4,2021-12-05 12:03:50
208,_game_o_f_thrones_,CXD-h5esNB1,"ğŸ™‚ğŸ˜‚
#followformoreğŸ‘‡ğŸ‘‡
@_game_o_f_thrones_
@_game_o_f_thrones_
@_game_o_f_thrones_
.
.
#gameofthrones #got #daenerystargaryen #jonsnow #emiliaclarke",408,8,2021-12-04 13:12:02
209,_game_o_f_thrones_,CXBTn8HPpSS,"ğŸ˜‚ğŸ˜‚ğŸ˜
#followformoreğŸ‘‡ğŸ‘‡
@_game_o_f_thrones_
@_game_o_f_thrones_
@_game_o_f_thrones_
.
.
#gameofthrones #got #daenerystargaryen #jonsnow #emiliaclarke",255,1,2021-12-03 12:18:15
210,_game_o_f_thrones_,CW-wj4utOMi,"ğŸ’€ğŸ¥¶
#followformoreğŸ‘‡ğŸ‘‡
@_game_o_f_thrones_
@_game_o_f_thrones_
@_game_o_f_thrones_
.
.
#gameofthrones #got #daenerystargaryen #jonsnow #emiliaclarke",254,0,2021-12-02 12:33:35
211,_game_o_f_thrones_,CW8TmPZMOIo,"Fire and blood ğŸ”¥ğŸ”¥
#followformoreğŸ‘‡ğŸ‘‡
@_game_o_f_thrones_
@_game_o_f_thrones_
@_game_o_f_thrones_
.
.
#gameofthrones #got #daenerystargaryen #jonsnow #emiliaclarke",131,0,2021-12-01 13:42:50
212,_game_o_f_thrones_,CW5rp-bvSvM,"You're going to die ğŸ‘‘ğŸ”¥
#followformoreğŸ‘‡ğŸ‘‡
@_game_o_f_thrones_
@_game_o_f_thrones_
@_game_o_f_thrones_
.
.
#gameofthrones #got #daenerystargaryen #jonsnow #emiliaclarke",201,1,2021-11-30 13:15:17
213,_game_o_f_thrones_,CWx7kKXvNnJ,"Tyrion ğŸ˜‚ğŸ˜‚ğŸ˜‚
#followformoreğŸ‘‡ğŸ‘‡
@_game_o_f_thrones_
@_game_o_f_thrones_
@_game_o_f_thrones_
.
.
#gameofthrones #got #daenerystargaryen #jonsnow #emiliaclarke",218,0,2021-11-27 13:00:07
214,_game_o_f_thrones_,CWqNgmbLgdI,"And now i slapped a king ğŸ˜‚ğŸ‘‘
#followformoreğŸ‘‡ğŸ‘‡
@_game_o_f_thrones_
@_game_o_f_thrones_
@_game_o_f_thrones_
.
.
#gameofthrones #got #daenerystargaryen #jonsnow #emiliaclarke",319,1,2021-11-24 13:02:50
215,_game_o_f_thrones_,CWnnvbaLjg0,"House stark â¤ï¸âš”ï¸
#followformoreğŸ‘‡ğŸ‘‡
@_game_o_f_thrones_
@_game_o_f_thrones_
@_game_o_f_thrones_
.
.
#gameofthrones #got #daenerystargaryen #jonsnow #emiliaclarke",259,0,2021-11-23 12:54:22
216,_game_o_f_thrones_,CWf7WC-sK4e,"ğŸ˜‚ğŸ˜‚
#followformoreğŸ‘‡ğŸ‘‡
@_game_o_f_thrones_
@_game_o_f_thrones_
@_game_o_f_thrones_
.
.
#gameofthrones #got #daenerystargaryen #jonsnow #emiliaclarke",243,0,2021-11-20 13:11:09
217,_game_o_f_thrones_,CWYMjDKtq-X,"Arya â¤ï¸ğŸ˜
#followformoreğŸ‘‡ğŸ‘‡
@_game_o_f_thrones_
@_game_o_f_thrones_
@_game_o_f_thrones_
.
.
#gameofthrones #got #daenerystargaryen #jonsnow #emiliaclarke",1072,3,2021-11-17 13:07:53
218,_game_o_f_thrones_,CWVkIZEpsAI,"Who said anything about ""him"" â™¥ï¸
#followformoreğŸ‘‡ğŸ‘‡
@_game_o_f_thrones_
@_game_o_f_thrones_
@_game_o_f_thrones_
.
.
#gameofthrones #got #daenerystargaryen #jonsnow #emiliaclarke",749,2,2021-11-16 12:36:21
219,_game_o_f_thrones_,CWTFGcRl0RG,"âš”ï¸ğŸ’€

#followformoreğŸ‘‡ğŸ‘‡
@_game_o_f_thrones_
@_game_o_f_thrones_
@_game_o_f_thrones_
.
.
#gameofthrones #got #daenerystargaryen #jonsnow #emiliaclarke",1169,3,2021-11-15 13:26:52
220,_game_o_f_thrones_,CWN6Ap5sxTJ,"Arya ğŸ¹
#followformoreğŸ‘‡ğŸ‘‡
@_game_o_f_thrones_
@_game_o_f_thrones_
@_game_o_f_thrones_
.
.
#gameofthrones #got #daenerystargaryen #jonsnow #emiliaclarke",442,2,2021-11-13 13:14:26
221,_game_o_f_thrones_,CWIyV_JpJ30,"Your favourite villain? âš”ï¸ğŸ”¥
#followformoreğŸ‘‡ğŸ‘‡
@_game_o_f_thrones_
@_game_o_f_thrones_
@_game_o_f_thrones_
.
.
#gameofthrones #got #daenerystargaryen #jonsnow #emiliaclarke",405,14,2021-11-11 13:31:06
222,_game_o_f_thrones_,CWDn61uvHOa,"ğŸ˜ğŸ˜
#followformoreğŸ‘‡ğŸ‘‡
@_game_o_f_thrones_
@_game_o_f_thrones_
@_game_o_f_thrones_
.
.
#gameofthrones #got #daenerystargaryen #jonsnow #emiliaclarke",4956,9,2021-11-09 13:23:10
223,_game_o_f_thrones_,CV74gScr24C,Not today ğŸ”¥ğŸ”¥,3814,7,2021-11-06 13:14:08
224,_game_o_f_thrones_,CV0JPc_v9JG,"ğŸ˜‚ğŸ˜‚ğŸ˜‚
#followformoreğŸ‘‡ğŸ‘‡
@_game_o_f_thrones_
@_game_o_f_thrones_
@_game_o_f_thrones_
.
.
#gameofthrones #got #daenerystargaryen #jonsnow #emiliaclarke",1605,12,2021-11-03 13:06:00
225,_game_o_f_thrones_,CVxirOSPU3w,"Saddest death's ğŸ’”ğŸ’”
#followformoreğŸ‘‡ğŸ‘‡
@_game_o_f_thrones_
@_game_o_f_thrones_
@_game_o_f_thrones_
.
.
#gameofthrones #got #daenerystargaryen #jonsnow #emiliaclarke",1524,10,2021-11-02 12:51:02
226,_game_o_f_thrones_,CVsbJWfPY62,"Who is your favourite â¤ï¸ğŸ”¥
#followformoreğŸ‘‡ğŸ‘‡
@_game_o_f_thrones_
@_game_o_f_thrones_
@_game_o_f_thrones_
.
.
#gameofthrones #got #daenerystargaryen #jonsnow #emiliaclarke",1349,17,2021-10-31 13:08:32
227,_game_o_f_thrones_,CVp0qszPLWY,"ğŸ˜‚ğŸ˜‚
#followformoreğŸ‘‡ğŸ‘‡
@_game_o_f_thrones_
@_game_o_f_thrones_
@_game_o_f_thrones_
.
.
#gameofthrones #got #daenerystargaryen #jonsnow #emiliaclarke",4630,37,2021-10-30 12:54:04
228,_game_o_f_thrones_,CVnUBVFgckt,"No one â¤ï¸ğŸ”¥
#followformoreğŸ‘‡ğŸ‘‡
@_game_o_f_thrones_
@_game_o_f_thrones_
@_game_o_f_thrones_
.
.
#gameofthrones #got #daenerystargaryen #jonsnow #emiliaclarke",1589,6,2021-10-29 13:31:03
229,_game_o_f_thrones_,CVkmlBUP1oH,"Make your choice âš”ï¸â¤ï¸
#followformoreğŸ‘‡ğŸ‘‡
@_game_o_f_thrones_
@_game_o_f_thrones_
@_game_o_f_thrones_
.
.
#gameofthrones #got #daenerystargaryen #jonsnow #emiliaclarke",322,7,2021-10-28 12:14:31
230,_game_o_f_thrones_,CVfgGXrPAvF,"Both are back together âš”ï¸ğŸ˜ğŸ˜
#followformoreğŸ‘‡ğŸ‘‡
@_game_o_f_thrones_
@_game_o_f_thrones_
@_game_o_f_thrones_
.
.
#gameofthrones #got #daenerystargaryen #jonsnow #emiliaclarke",605,3,2021-10-26 12:41:42
231,_game_o_f_thrones_,CVc5ZZXpuXJ,"ğŸ˜‚ğŸ˜‚ğŸ¤£ğŸ¤£
#followformoreğŸ‘‡ğŸ‘‡
@_game_o_f_thrones_
@_game_o_f_thrones_
@_game_o_f_thrones_
.
.
#gameofthrones #got #daenerystargaryen #jonsnow #emiliaclarke",3629,12,2021-10-25 12:25:01
232,_game_o_f_thrones_,CVaXCooJdmG,"AEGON TARGARYEN ğŸ”¥âš”ï¸
#followformoreğŸ‘‡ğŸ‘‡
@_game_o_f_thrones_
@_game_o_f_thrones_
@_game_o_f_thrones_
.
.
#gameofthrones #got #daenerystargaryen #jonsnow #emiliaclarke",4021,10,2021-10-24 12:47:17
233,_game_o_f_thrones_,CVXs_1XptHt,"ğŸ˜‚ğŸ˜‚â¤ï¸
#followformoreğŸ‘‡ğŸ‘‡
@_game_o_f_thrones_
@_game_o_f_thrones_
@_game_o_f_thrones_
.
.
#gameofthrones #got #daenerystargaryen #jonsnow #emiliaclarke",5602,22,2021-10-23 12:00:37
234,_game_o_f_thrones_,CVVIFjKpWqh,"I LOVE YOU â¤ï¸ğŸ’”
#followformoreğŸ‘‡ğŸ‘‡
@_game_o_f_thrones_
@_game_o_f_thrones_
@_game_o_f_thrones_
.
.
#gameofthrones #got #daenerystargaryen #jonsnow #emiliaclarke",1135,4,2021-10-22 12:00:00
235,_game_o_f_thrones_,CVSkOgrpoNH,"Sansa â¤ï¸â„ï¸
#followformoreğŸ‘‡ğŸ‘‡
@_game_o_f_thrones_
@_game_o_f_thrones_
@_game_o_f_thrones_
.
.
#gameofthrones #got #daenerystargaryen #jonsnow #emiliaclarke",4517,2,2021-10-21 12:08:03
236,_game_o_f_thrones_,CVQCccLppV5,"Daenerys Targaryenâ¤ï¸ğŸ”¥ğŸ”¥
#followformoreğŸ‘‡ğŸ‘‡
@_game_o_f_thrones_
@_game_o_f_thrones_
@_game_o_f_thrones_
.
.
#gameofthrones #got #daenerystargaryen #jonsnow #emiliaclarke",419,0,2021-10-20 12:35:18
237,_game_o_f_thrones_,CVNY1vJp2ft,"This scene ğŸ˜â¤ï¸
#followformoreğŸ‘‡ğŸ‘‡
@_game_o_f_thrones_
@_game_o_f_thrones_
@_game_o_f_thrones_
.
.
#gameofthrones #got #daenerystargaryen #jonsnow #emiliaclarke",587,4,2021-10-19 11:52:06
238,_game_o_f_thrones_,CVK0GXOJ_AT,"ğŸ˜‚ğŸ˜‚ğŸ’”
#followformoreğŸ‘‡ğŸ‘‡
@_game_o_f_thrones_
@_game_o_f_thrones_
@_game_o_f_thrones_
.
.
#gameofthrones #got #daenerystargaryen #jonsnow #emiliaclarke",6130,11,2021-10-18 11:52:37
239,_game_o_f_thrones_,CVIO_SFJbzP,"ğŸ’”â¤ï¸
#followformoreğŸ‘‡ğŸ‘‡
@_game_o_f_thrones_
@_game_o_f_thrones_
@_game_o_f_thrones_
.
.
#gameofthrones #got #daenerystargaryen #jonsnow #emiliaclarke",1254,2,2021-10-17 11:50:12
240,_game_o_f_thrones_,CVFtUeipvt5,"â¤ï¸
#followformoreğŸ‘‡ğŸ‘‡
@_game_o_f_thrones_
@_game_o_f_thrones_
@_game_o_f_thrones_
.
.
#gameofthrones #got #daenerystargaryen #jonsnow #emiliaclarke",1070,1,2021-10-16 12:17:25
241,_game_o_f_thrones_,CVDF7FEJ_Lr,"MOTHER OF DRAGON ğŸ²â™¥ï¸
#followformoreğŸ‘‡ğŸ‘‡
@_game_o_f_thrones_
@_game_o_f_thrones_
@_game_o_f_thrones_
.
.
#gameofthrones #got #daenerystargaryen #jonsnow #emiliaclarke",8380,13,2021-10-15 11:55:57
242,_game_o_f_thrones_,CVAhiVVpfzc,"ğŸ”¥â¤ï¸ğŸ”¥â¤ï¸
#followformoreğŸ‘‡ğŸ‘‡
@_game_o_f_thrones_
@_game_o_f_thrones_
@_game_o_f_thrones_
.
.
#gameofthrones #got #daenerystargaryen #jonsnow #emiliaclarke",1178,2,2021-10-14 11:58:21
243,_game_o_f_thrones_,CU97z3-JT1e,"Puppy is not a slave ğŸ˜‚ğŸ˜‚
#followformoreğŸ‘‡ğŸ‘‡
@_game_o_f_thrones_
@_game_o_f_thrones_
@_game_o_f_thrones_
.
.
#gameofthrones #got #daenerystargaryen #jonsnow #emiliaclarke",6657,11,2021-10-13 11:50:03
244,_game_o_f_thrones_,CU7Xj6eJFCq,"You are a good man â™¥ï¸ğŸ”¥
#followformoreğŸ‘‡ğŸ‘‡
@_game_o_f_thrones_
@_game_o_f_thrones_
@_game_o_f_thrones_
.
.
#gameofthrones #got #daenerystargaryen #jonsnow #emiliaclarke",3387,11,2021-10-12 11:56:43
245,_game_o_f_thrones_,CU40m5SrY7V,"The King in the north â¤ï¸ğŸ‘‘
#followformoreğŸ‘‡ğŸ‘‡
@_game_o_f_thrones_
@_game_o_f_thrones_
@_game_o_f_thrones_
.
.
#gameofthrones #got #daenerystargaryen #jonsnow #emiliaclarke",1318,8,2021-10-11 12:10:46
246,_game_o_f_thrones_,CU2Q7F9pTXU,"She is â¤ï¸ğŸ˜
#followformoreğŸ‘‡ğŸ‘‡
@_game_o_f_thrones_
@_game_o_f_thrones_
@_game_o_f_thrones_
.
.
#gameofthrones #got #daenerystargaryen #jonsnow #emiliaclarke",2855,6,2021-10-10 12:21:26
247,_game_o_f_thrones_,CUz3dGaJ24y,"ğŸ”¥âš”ï¸
#followformoreğŸ‘‡ğŸ‘‡
@_game_o_f_thrones_
@_game_o_f_thrones_
@_game_o_f_thrones_
.
.
#gameofthrones #got #daenerystargaryen #jonsnow #emiliaclarke",730,3,2021-10-09 14:02:03
248,_game_o_f_thrones_,CUxJxdOpsrn,"Arya â¤ï¸â¤ï¸
#followformoreğŸ‘‡ğŸ‘‡
@_game_o_f_thrones_
@_game_o_f_thrones_
@_game_o_f_thrones_
.
.
#gameofthrones #got #daenerystargaryen #jonsnow #emiliaclarke",5058,8,2021-10-08 12:41:54
249,_game_o_f_thrones_,CUueiscJnaN,"Most paused scene in the GOT ğŸ˜‚â¤ï¸
#followformoreğŸ‘‡ğŸ‘‡
@_game_o_f_thrones_
@_game_o_f_thrones_
@_game_o_f_thrones_
.
.
#gameofthrones #got #daenerystargaryen #jonsnow #emiliaclarke",817,15,2021-10-07 11:46:12
250,_game_o_f_thrones_,CUr8kV7pRB4,"SANSA STARK â™¥ï¸ğŸ”¥
#followformoreğŸ‘‡ğŸ‘‡
@_game_o_f_thrones_
@_game_o_f_thrones_
@_game_o_f_thrones_
.
.
#gameofthrones #got #daenerystargaryen #jonsnow #emiliaclarke",8814,24,2021-10-06 12:10:51
251,_game_o_f_thrones_,CUpV4tEJeu5,"Finally HOUSE OF DRAGON teaser out ğŸ”¥ğŸ”¥
#followformoreğŸ‘‡ğŸ‘‡
@_game_o_f_thrones_
@_game_o_f_thrones_
@_game_o_f_thrones_
.
.
#gameofthrones #got #daenerystargaryen #jonsnow #emiliaclarke",295,2,2021-10-05 11:54:03
252,_game_o_f_thrones_,CUmzdW4K7Cg,"Comment the most beautiful scene â™¥ï¸ğŸ”¥
#followformoreğŸ‘‡ğŸ‘‡
@_game_o_f_thrones_
@_game_o_f_thrones_
@_game_o_f_thrones_
.
.
#gameofthrones #got #daenerystargaryen #jonsnow #emiliaclarke",380,0,2021-10-04 12:14:38
253,_game_o_f_thrones_,CUkLoLipv_g,"The one wolf alive ğŸºğŸ”¥
#followformoreğŸ‘‡ğŸ‘‡
@_game_o_f_thrones_
@_game_o_f_thrones_
@_game_o_f_thrones_
.
.
#gameofthrones #got #daenerystargaryen #jonsnow #emiliaclarke",12086,17,2021-10-03 11:47:52
254,_game_o_f_thrones_,CUhyvAypkz7,"â¤ï¸ğŸ”¥â¤ï¸
#followformoreğŸ‘‡ğŸ‘‡
@_game_o_f_thrones_
@_game_o_f_thrones_
@_game_o_f_thrones_
.
.
#gameofthrones #got #daenerystargaryen #jonsnow #emiliaclarke",290,2,2021-10-02 13:31:57
255,_game_o_f_thrones_,CUfA9xEpWF1,"ğŸ¥ºğŸ’”
#followformoreğŸ‘‡ğŸ‘‡
@_game_o_f_thrones_
@_game_o_f_thrones_
@_game_o_f_thrones_
.
.
#gameofthrones #got #daenerystargaryen #jonsnow #emiliaclarke",694,6,2021-10-01 11:38:15
256,_game_o_f_thrones_,CUfAznbpd6I,"â¤ï¸ğŸ˜
#followformoreğŸ‘‡ğŸ‘‡
@_game_o_f_thrones_
@_game_o_f_thrones_
@_game_o_f_thrones_
.
.
#gameofthrones #got #daenerystargaryen #jonsnow #emiliaclarke",282,0,2021-10-01 11:37:17
257,_game_o_f_thrones_,CUcdwvkJgaJ,"Who's your favourite â¤ï¸ğŸ”¥
Credits- westof.westeros
#followformoreğŸ‘‡ğŸ‘‡
@_game_o_f_thrones_
@_game_o_f_thrones_
@_game_o_f_thrones_
.
.
#gameofthrones #got #daenerystargaryen #jonsnow #emiliaclarke",997,19,2021-09-30 11:52:20
258,_game_o_f_thrones_,CUZ513_p8yP,"Queen of the seven kingdoms ğŸ”¥ğŸ‘‘
#followformoreğŸ‘‡ğŸ‘‡
@_game_o_f_thrones_
@_game_o_f_thrones_
@_game_o_f_thrones_
.
.
#gameofthrones #got #daenerystargaryen #jonsnow #emiliaclarke",435,1,2021-09-29 12:00:29
259,_game_o_f_thrones_,CUXYdaDpeYj,"â™¥ï¸ğŸ¥º
Credits- Gotandmore
#followformoreğŸ‘‡ğŸ‘‡
@_game_o_f_thrones_
@_game_o_f_thrones_
@_game_o_f_thrones_
.
.
#gameofthrones #got #daenerystargaryen #jonsnow #emiliaclarke",1963,2,2021-09-28 12:29:52
260,_game_o_f_thrones_,CUUzlcPpLJ5,"ğŸ”¥â¤ï¸
#followformoreğŸ‘‡ğŸ‘‡
@_game_o_f_thrones_
@_game_o_f_thrones_
@_game_o_f_thrones_
.
.
#gameofthrones #got #daenerystargaryen #jonsnow #emiliaclarke",520,0,2021-09-27 12:30:02
261,_game_o_f_thrones_,CUSLL48JuVX,"Daenerys Targaryenâ¤ï¸ğŸ‘‘
#followformoreğŸ‘‡ğŸ‘‡
@_game_o_f_thrones_
@_game_o_f_thrones_
@_game_o_f_thrones_
.
.
#gameofthrones #got #daenerystargaryen #jonsnow #emiliaclarke",7217,24,2021-09-26 11:57:49
262,_game_o_f_thrones_,CUKe5gqJgnE,"âš”ï¸ Jon snow âš”ï¸
#followformoreğŸ‘‡ğŸ‘‡
@_game_o_f_thrones_
@_game_o_f_thrones_
@_game_o_f_thrones_
.
.
#gameofthrones #got #daenerystargaryen #jonsnow #emiliaclarke",344,1,2021-09-23 12:16:10
263,_game_o_f_thrones_,CUH5SL2JJfF,"Winter came for house frey âš”ï¸ğŸ”ª
#followformoreğŸ‘‡ğŸ‘‡
@_game_o_f_thrones_
@_game_o_f_thrones_
@_game_o_f_thrones_
.
.
#gameofthrones #got #daenerystargaryen #jonsnow #emiliaclarke kb",2647,9,2021-09-22 12:09:00
264,_game_o_f_thrones_,CUFUb_1J43H,"Hodor â¤ï¸ğŸ˜­
#followformoreğŸ‘‡ğŸ‘‡
@_game_o_f_thrones_
@_game_o_f_thrones_
@_game_o_f_thrones_
.
.
#gameofthrones #got #daenerystargaryen #jonsnow #emiliaclarke",846,2,2021-09-21 12:08:42
265,_game_o_f_thrones_,CUCuDWYpSHv,"Jon ğŸ‘‘âš”ï¸
#followformoreğŸ‘‡ğŸ‘‡
@_game_o_f_thrones_
@_game_o_f_thrones_
@_game_o_f_thrones_
.
.
#gameofthrones #got #daenerystargaryen #jonsnow #emiliaclarke",7776,18,2021-09-20 11:54:32
266,_game_o_f_thrones_,CT9n37iJ6g2,"The battle of blackwater bay ğŸ”¥âš”ï¸
#followformoreğŸ‘‡ğŸ‘‡
@_game_o_f_thrones_
@_game_o_f_thrones_
@_game_o_f_thrones_
.
.
#gameofthrones #got #daenerystargaryen #jonsnow #emiliaclarke",665,4,2021-09-18 12:24:18
267,_game_o_f_thrones_,CT88EbiJEvo,"â™¥ï¸ğŸ”¥
#followformoreğŸ‘‡ğŸ‘‡
@_game_o_f_thrones_
@_game_o_f_thrones_
@_game_o_f_thrones_
.
.
#gameofthrones #got #daenerystargaryen #jonsnow #emiliaclarke",470,1,2021-09-18 06:01:32
268,_game_o_f_thrones_,CT87iuvJh-m,"ğŸ‘ŒâœŒï¸
#followformoreğŸ‘‡ğŸ‘‡
@_game_o_f_thrones_
@_game_o_f_thrones_
@_game_o_f_thrones_
.
.
#gameofthrones #got #daenerystargaryen #jonsnow #emiliaclarke",950,8,2021-09-18 05:56:41
269,_game_o_f_thrones_,CT3-pASpu3K,"Fire can't kill a dragon ğŸ²ğŸ”¥
#followformoreğŸ‘‡ğŸ‘‡
@_game_o_f_thrones_
@_game_o_f_thrones_
@_game_o_f_thrones_
.
.
#gameofthrones #got #daenerystargaryen #jonsnow #emiliaclarke",237,1,2021-09-16 07:50:25
270,_game_o_f_thrones_,CT399t4JwEh,"ğŸ˜‚ğŸ˜‚
#followformoreğŸ‘‡ğŸ‘‡
@_game_o_f_thrones_
@_game_o_f_thrones_
@_game_o_f_thrones_
.
.
#gameofthrones #got #daenerystargaryen #jonsnow #emiliaclarke",650,4,2021-09-16 07:41:38
271,_game_o_f_thrones_,CT1f_F4pH23,"Theon Greyjoy â¤ï¸ğŸ”¥
#followformoreğŸ‘‡ğŸ‘‡
@_game_o_f_thrones_
@_game_o_f_thrones_
@_game_o_f_thrones_
.
.
#gameofthrones #got #daenerystargaryen #jonsnow #emiliaclarke",328,1,2021-09-15 08:41:12
272,_game_o_f_thrones_,CTzsuSOPfq3,"The actor's â¤ï¸ the scene ğŸ˜­
#followformoreğŸ‘‡ğŸ‘‡
@_game_o_f_thrones_
@_game_o_f_thrones_
@_game_o_f_thrones_
.
.
#gameofthrones #got #daenerystargaryen #jonsnow #emiliaclarke",713,4,2021-09-14 15:54:01
273,_game_o_f_thrones_,CTxVC7qBjtO,"This scene ğŸ˜­ğŸ˜“
Follow @_game_o_f_thrones_  for more â¤ï¸

#gameofthrones #got #daenerystargaryen #jonsnow",531,3,2021-09-13 17:48:55
274,_game_o_f_thrones_,CTxJSurgKqh,"Jon deserves better ending ğŸ‘‘ğŸ˜“
Follow @_game_o_f_thrones_  for more â¤ï¸

#gameofthrones #got #daenerystargaryen #jonsnowedits",1718,8,2021-09-13 16:06:08
275,_game_o_f_thrones_,CTtkDMwJW9Z,"â™¥ï¸ğŸ‘‘
ğŸ‘‡ğŸ‘‡ğŸ‘‡
Follow @_game_o_f_thrones_  for more â¤ï¸

#gameofthrones #got #daenerystargaryen #jonsnow #emiliaclarke #aryastark #sansastark #hbo #targaryen #daenerys #sophieturner #gameofthronesmemes #gameofthronesseason #khaleesi #stark #asongoficeandfire #winteriscoming #tyrionlannister #gameofthronesedit #kitharington #cerseilannister #maisiewilliams #motherofdragons #housestark #lannister #winterfell #art #westeros #jaimelannister #bhfyp",567,1,2021-09-12 06:42:47
276,_game_o_f_thrones_,CTbdsQvpamB,"Jon and sansa â¤ï¸ğŸ˜­.
ğŸ‘‡ğŸ‘‡ğŸ‘‡
Follow @_game_o_f_thrones_  for more â¤ï¸

#gameofthrones #got #daenerystargaryen #jonsnow #emiliaclarke #aryastark #sansastark #hbo #targaryen #daenerys #sophieturner #gameofthronesmemes #gameofthronesseason #khaleesi #stark #asongoficeandfire #winteriscoming #tyrionlannister #gameofthronesedit #kitharington #cerseilannister #maisiewilliams #motherofdragons #housestark #lannister #winterfell #art #westeros #jaimelannister #bhfyp",1681,5,2021-09-05 06:01:51
277,_game_o_f_thrones_,CTY9sSnpPCg,"Jaime Lannister ""the man of honour""â™¥ï¸
ğŸ‘‡ğŸ‘‡ğŸ‘‡
Follow @_game_o_f_thrones_  for more â¤ï¸

#gameofthrones #got #daenerystargaryen #jonsnow #emiliaclarke #aryastark #sansastark #hbo #targaryen #daenerys #sophieturner #gameofthronesmemes #gameofthronesseason #khaleesi #stark #asongoficeandfire #winteriscoming #tyrionlannister #gameofthronesedit #kitharington #cerseilannister #maisiewilliams #motherofdragons #housestark #lannister #winterfell #art #westeros #jaimelannister #bhfyp",4367,16,2021-09-04 06:44:40
278,_game_o_f_thrones_,CTY9Sq-JUJA,"I did not killed Joffrey ğŸ”¥ğŸ‘‘
ğŸ‘‡ğŸ‘‡ğŸ‘‡ğŸ‘‡
Follow @_game_o_f_thrones_  for more â¤ï¸

#gameofthrones #got #daenerystargaryen #jonsnow #emiliaclarke #aryastark #sansastark #hbo #targaryen #daenerys #sophieturner #gameofthronesmemes #gameofthronesseason #khaleesi #stark #asongoficeandfire #winteriscoming #tyrionlannister #gameofthronesedit #kitharington #cerseilannister #maisiewilliams #motherofdragons #housestark #lannister #winterfell #art #westeros #jaimelannister #bhfyp",1366,8,2021-09-04 06:40:28
279,_game_o_f_thrones_,CTWWhguJF7Z,"Ice and fire ğŸ”¥â„ï¸..
ğŸ‘‡ğŸ‘‡
Follow @_game_o_f_thrones_  for more â¤ï¸

#gameofthrones #got #daenerystargaryen #jonsnow #emiliaclarke #aryastark #sansastark #hbo #targaryen #daenerys #sophieturner #gameofthronesmemes #gameofthronesseason #khaleesi #stark #asongoficeandfire #winteriscoming #tyrionlannister #gameofthronesedit #kitharington #cerseilannister #maisiewilliams #motherofdragons #housestark #lannister #winterfell #art #westeros #jaimelannister #bhfyp",168,4,2021-09-03 06:24:38
280,_game_o_f_thrones_,CTWWMXnpWD8,"How's your favourite TARGARYEN â¤ï¸ğŸ”¥..
ğŸ‘‡ğŸ‘‡ğŸ‘‡
Follow @_game_o_f_thrones_  for more â¤ï¸

#gameofthrones #got #daenerystargaryen #jonsnow #emiliaclarke #aryastark #sansastark #hbo #targaryen #daenerys #sophieturner #gameofthronesmemes #gameofthronesseason #khaleesi #stark #asongoficeandfire #winteriscoming #tyrionlannister #gameofthronesedit #kitharington #cerseilannister #maisiewilliams #motherofdragons #housestark #lannister #winterfell #art #westeros #jaimelannister #bhfyp",161,2,2021-09-03 06:20:22
281,_game_o_f_thrones_,CTSRcwZH292,"The reason for millions of smile â¤ï¸â¤ï¸.
ğŸ‘‡
Follow @_game_o_f_thrones_  for more â¤ï¸

#gameofthrones #got #daenerystargaryen #jonsnow #emiliaclarke #aryastark #sansastark #hbo #targaryen #daenerys #sophieturner #gameofthronesmemes #gameofthronesseason #khaleesi #stark #asongoficeandfire #winteriscoming #tyrionlannister #gameofthronesedit #kitharington #cerseilannister #maisiewilliams #motherofdragons #housestark #lannister #winterfell #art #westeros #jaimelannister #bhfyp",84,1,2021-09-01 16:23:05
282,_game_o_f_thrones_,CTOtEUdJqva,"â¤ï¸â¤ï¸ğŸ”¥ğŸ”¥

Follow @_game_o_f_thrones_  for more â¤ï¸

#gameofthrones #got #daenerystargaryen #jonsnow #emiliaclarke #aryastark #sansastark #hbo #targaryen #daenerys #sophieturner #gameofthronesmemes #gameofthronesseason #khaleesi #stark #asongoficeandfire #winteriscoming #tyrionlannister #gameofthronesedit #kitharington #cerseilannister #maisiewilliams #motherofdragons #housestark #lannister #winterfell #art #westeros #jaimelannister #bhfyp",113,0,2021-08-31 07:09:45
283,_game_o_f_thrones_,CTK3L_YBl8s,"Sophie Turner â™¥ï¸ğŸ”¥

Follow @_game_o_f_thrones_  for more â¤ï¸

#gameofthrones #got #daenerystargaryen #jonsnow #emiliaclarke #aryastark #sansastark #hbo #targaryen #daenerys #sophieturner #gameofthronesmemes #gameofthronesseason #khaleesi #stark #asongoficeandfire #winteriscoming #tyrionlannister #gameofthronesedit #kitharington #cerseilannister #maisiewilliams #motherofdragons #housestark #lannister #winterfell #art #westeros #jaimelannister #bhfyp",85,0,2021-08-29 19:16:36
284,_game_o_f_thrones_,CTKa526pQ0Y,"The Queen ğŸ‘‘âš”ï¸

Follow @_game_o_f_thrones_  for more â¤ï¸

#gameofthrones #got #daenerystargaryen #jonsnow #emiliaclarke #aryastark #sansastark #hbo #targaryen #daenerys #sophieturner #gameofthronesmemes #gameofthronesseason #khaleesi #stark #asongoficeandfire #winteriscoming #tyrionlannister #gameofthronesedit #kitharington #cerseilannister #maisiewilliams #motherofdragons #housestark #lannister #winterfell #art #westeros #jaimelannister #bhfyp",150,1,2021-08-29 15:09:35
285,_game_o_f_thrones_,CTKaibGpv8p,"Margaery Tyrellâ¤ï¸ğŸ˜ğŸ”¥

Follow @_game_o_f_thrones_  for more â¤ï¸

#gameofthrones #got #daenerystargaryen #jonsnow #emiliaclarke #aryastark #sansastark #hbo #targaryen #daenerys #sophieturner #gameofthronesmemes #gameofthronesseason #khaleesi #stark #asongoficeandfire #winteriscoming #tyrionlannister #gameofthronesedit #kitharington #cerseilannister #maisiewilliams #motherofdragons #housestark #lannister #winterfell #art #westeros #jaimelannister #bhfyp",80,2,2021-08-29 15:06:26
286,_game_o_f_thrones_,CTJd6qbpg9H,"Who you think had killed the night king 
Jon / arya âš”ï¸âš”ï¸

Follow @_game_o_f_thrones_  for more â¤ï¸

#gameofthrones #got #daenerystargaryen #jonsnow #emiliaclarke #aryastark #sansastark #hbo #targaryen #daenerys #sophieturner #gameofthronesmemes #gameofthronesseason #khaleesi #stark #asongoficeandfire #winteriscoming #tyrionlannister #gameofthronesedit #kitharington #cerseilannister #maisiewilliams #motherofdragons #housestark #lannister #winterfell #art #westeros #jaimelannister #bhfyp",136,0,2021-08-29 08:48:04
287,_game_o_f_thrones_,CTJbxBAJfN7,"Daenerys Stormborn of house Targaryen â¤ï¸ğŸ²

Follow @_game_o_f_thrones_  for more â¤ï¸

#gameofthrones #got #daenerystargaryen #jonsnow #emiliaclarke #aryastark #sansastark #hbo #targaryen #daenerys #sophieturner #gameofthronesmemes #gameofthronesseason #khaleesi #stark #asongoficeandfire #winteriscoming #tyrionlannister #gameofthronesedit #kitharington #cerseilannister #maisiewilliams #motherofdragons #housestark #lannister #winterfell #art #westeros #jaimelannister #bhfyp",173,0,2021-08-29 06:03:46
288,_game_o_f_thrones_,CTJbPAHJJ8t,"ğŸ’›ğŸ’›

Follow @_game_o_f_thrones_  for more â¤ï¸

#gameofthrones #got #daenerystargaryen #jonsnow #emiliaclarke #aryastark #sansastark #hbo #targaryen #daenerys #sophieturner #gameofthronesmemes #gameofthronesseason #khaleesi #stark #asongoficeandfire #winteriscoming #tyrionlannister #gameofthronesedit #kitharington #cerseilannister #maisiewilliams #motherofdragons #housestark #lannister #winterfell #art #westeros #jaimelannister #bhfyp",79,0,2021-08-29 05:53:06
289,_game_o_f_thrones_,CTJbKbVJ961,"ğŸ˜ğŸ˜

Follow @_game_o_f_thrones_  for more â¤ï¸

#gameofthrones #got #daenerystargaryen #jonsnow #emiliaclarke #aryastark #sansastark #hbo #targaryen #daenerys #sophieturner #gameofthronesmemes #gameofthronesseason #khaleesi #stark #asongoficeandfire #winteriscoming #tyrionlannister #gameofthronesedit #kitharington #cerseilannister #maisiewilliams #motherofdragons #housestark #lannister #winterfell #art #westeros #jaimelannister #bhfyp",69,1,2021-08-29 05:52:29
290,_game_o_f_thrones_,CTIAB_sppu-,"Maisie Williams â¤ï¸â¤ï¸

Follow @_game_o_f_thrones_  for more â¤ï¸

#gameofthrones #got #daenerystargaryen #jonsnow #emiliaclarke #aryastark #sansastark #hbo #targaryen #daenerys #sophieturner #gameofthronesmemes #gameofthronesseason #khaleesi #stark #asongoficeandfire #winteriscoming #tyrionlannister #gameofthronesedit #kitharington #cerseilannister #maisiewilliams #motherofdragons #housestark #lannister #winterfell #art #westeros #jaimelannister #bhfyp",123,0,2021-08-28 16:38:00
291,_game_o_f_thrones_,CTEl7iFJKbG,"She is â¤ï¸ğŸ˜ğŸ”¥

Follow @_game_o_f_thrones_  for more â¤ï¸

#gameofthrones #got #daenerystargaryen #jonsnow #emiliaclarke #aryastark #sansastark #hbo #targaryen #daenerys #sophieturner #gameofthronesmemes #gameofthronesseason #khaleesi #stark #asongoficeandfire #winteriscoming #tyrionlannister #gameofthronesedit #kitharington #cerseilannister #maisiewilliams #motherofdragons #housestark #lannister #winterfell #art #westeros #jaimelannister #bhfyp",137,3,2021-08-27 08:52:12
292,_game_o_f_thrones_,CTEGBkKJoKo,"Smile â¤ï¸â¤ï¸ğŸ˜ğŸ˜

Follow @_game_o_f_thrones_  for more â¤ï¸

#gameofthrones #got #daenerystargaryen #jonsnow #emiliaclarke #aryastark #sansastark #hbo #targaryen #daenerys #sophieturner #gameofthronesmemes #gameofthronesseason #khaleesi #stark #asongoficeandfire #winteriscoming #tyrionlannister #gameofthronesedit #kitharington #cerseilannister #maisiewilliams #motherofdragons #housestark #lannister #winterfell #art #westeros #jaimelannister #bhfyp",67,1,2021-08-27 04:11:34
293,_game_o_f_thrones_,CTCWehTJaj5,"Cersei Lannister ğŸ”¥ğŸ”¥

Follow @_game_o_f_thrones_  for more â¤ï¸

#gameofthrones #got #daenerystargaryen #jonsnow #emiliaclarke #aryastark #sansastark #hbo #targaryen #daenerys #sophieturner #gameofthronesmemes #gameofthronesseason #khaleesi #stark #asongoficeandfire #winteriscoming #tyrionlannister #gameofthronesedit #kitharington #cerseilannister #maisiewilliams #motherofdragons #housestark #lannister #winterfell #art #westeros #jaimelannister #bhfyp",192,2,2021-08-26 11:57:18
294,_game_o_f_thrones_,CTCV5cRp3aN,"Arya Stark âš”ï¸â¤ï¸

Follow @_game_o_f_thrones_ for more â¤ï¸

#gameofthrones #got #daenerystargaryen #jonsnow #emiliaclarke #aryastark #sansastark #hbo #targaryen #daenerys #sophieturner #gameofthronesmemes #gameofthronesseason #khaleesi #stark #asongoficeandfire #winteriscoming #tyrionlannister #gameofthronesedit #kitharington #cerseilannister #maisiewilliams #motherofdragons #housestark #lannister #winterfell #art #westeros #jaimelannister #bhfyp",91,0,2021-08-26 11:52:39
295,_game_o_f_thrones_,CS_Gf2jJY_T,"Tyrion Lannister ğŸ”¥ğŸ”¥

Follow @_game_o_f_thrones_  for more â¤ï¸

#gameofthrones #got #daenerystargaryen #jonsnow #emiliaclarke #aryastark #sansastark #hbo #targaryen #daenerys #sophieturner #gameofthronesmemes #gameofthronesseason #khaleesi #stark #asongoficeandfire #winteriscoming #tyrionlannister #gameofthronesedit #kitharington #cerseilannister #maisiewilliams #motherofdragons #housestark #lannister #winterfell #art #westeros #jaimelannister #bhfyp",59,0,2021-08-25 05:39:30
296,_game_o_f_thrones_,CS_GckypuO5,"Danny or Ned ğŸ”¥â¤ï¸

Follow @_game_o_f_thrones_  for more â¤ï¸

#gameofthrones #got #daenerystargaryen #jonsnow #emiliaclarke #aryastark #sansastark #hbo #targaryen #daenerys #sophieturner #gameofthronesmemes #gameofthronesseason #khaleesi #stark #asongoficeandfire #winteriscoming #tyrionlannister #gameofthronesedit #kitharington #cerseilannister #maisiewilliams #motherofdragons #housestark #lannister #winterfell #art #westeros #jaimelannister #bhfyp",84,18,2021-08-25 05:39:03
297,_game_o_f_thrones_,CS_GD2WJ7fQ,"House of stark ğŸºğŸº

Follow @_game_o_f_thrones_  for more â¤ï¸

#gameofthrones #got #daenerystargaryen #jonsnow #emiliaclarke #aryastark #sansastark #hbo #targaryen #daenerys #sophieturner #gameofthronesmemes #gameofthronesseason #khaleesi #stark #asongoficeandfire #winteriscoming #tyrionlannister #gameofthronesedit #kitharington #cerseilannister #maisiewilliams #motherofdragons #housestark #lannister #winterfell #art #westeros #jaimelannister #bhfyp",129,1,2021-08-25 05:36:00
298,_game_o_f_thrones_,CS_F2iUpmsj,"Monster ğŸ”¥ğŸ”¥

Follow @_game_o_f_thrones_  for more â¤ï¸

#gameofthrones #got #daenerystargaryen #jonsnow #emiliaclarke #aryastark #sansastark #hbo #targaryen #daenerys #sophieturner #gameofthronesmemes #gameofthronesseason #khaleesi #stark #asongoficeandfire #winteriscoming #tyrionlannister #gameofthronesedit #kitharington #cerseilannister #maisiewilliams #motherofdragons #housestark #lannister #winterfell #art #westeros #jaimelannister #bhfyp",120,1,2021-08-25 05:34:01
299,_game_o_f_thrones_,CS8e4JFp2f_,"She is so hot ğŸ”¥â¤ï¸

Follow @_game_o_f_thrones_  for more â¤ï¸

#gameofthrones #got #daenerystargaryen #jonsnow #emiliaclarke #aryastark #sansastark #hbo #targaryen #daenerys #sophieturner #gameofthronesmemes #gameofthronesseason #khaleesi #stark #asongoficeandfire #winteriscoming #tyrionlannister #gameofthronesedit #kitharington #cerseilannister #maisiewilliams #motherofdragons #housestark #lannister #winterfell #art #westeros #jaimelannister #bhfyp",114,2,2021-08-24 05:16:49
300,_game_o_f_thrones_,CS8ctjupsXe,"Emilia Clarkeâ¤ï¸ğŸ˜

Follow @_game_o_f_thrones_  for more â¤ï¸

#gameofthrones #got #daenerystargaryen #jonsnow #emiliaclarke #aryastark #sansastark #hbo #targaryen #daenerys #sophieturner #gameofthronesmemes #gameofthronesseason #khaleesi #stark #asongoficeandfire #winteriscoming #tyrionlannister #gameofthronesedit #kitharington #cerseilannister #maisiewilliams #motherofdragons #housestark #lannister #winterfell #art #westeros #jaimelannister #bhfyp",55,0,2021-08-24 04:55:53
301,_game_o_f_thrones_,CS8cfc_pUhZ,"The meet-up ğŸ’”â¤ï¸

Follow @_game_o_f_thrones_  for more â¤ï¸

#gameofthrones #got #daenerystargaryen #jonsnow #emiliaclarke #aryastark #sansastark #hbo #targaryen #daenerys #sophieturner #gameofthronesmemes #gameofthronesseason #khaleesi #stark #asongoficeandfire #winteriscoming #tyrionlannister #gameofthronesedit #kitharington #cerseilannister #maisiewilliams #motherofdragons #housestark #lannister #winterfell #art #westeros #jaimelannister #bhfyp",122,0,2021-08-24 04:55:29
302,_game_o_f_thrones_,CS7A-WaJdoN,"I am a king ğŸ‘‘â¤ï¸

Follow @_game_o_f_thrones_  for more â¤ï¸

#gameofthrones #got #daenerystargaryen #jonsnow #emiliaclarke #aryastark #sansastark #hbo #targaryen #daenerys #sophieturner #gameofthronesmemes #gameofthronesseason #khaleesi #stark #asongoficeandfire #winteriscoming #tyrionlannister #gameofthronesedit #kitharington #cerseilannister #maisiewilliams #motherofdragons #housestark #lannister #winterfell #art #westeros #jaimelannister #bhfyp",118,0,2021-08-23 15:59:13
303,_game_o_f_thrones_,CS54ViNpZDj,"Your thoughts on the ending 

Follow @_game_o_f_thrones_  for more â¤ï¸

#gameofthrones #got #daenerystargaryen #jonsnow #emiliaclarke #aryastark #sansastark #hbo #targaryen #daenerys #sophieturner #gameofthronesmemes #gameofthronesseason #khaleesi #stark #asongoficeandfire #winteriscoming #tyrionlannister #gameofthronesedit #kitharington #cerseilannister #maisiewilliams #motherofdragons #housestark #lannister #winterfell #art #westeros #jaimelannister #bhfyp",341,3,2021-08-23 05:00:13
304,_game_o_f_thrones_,CS52q0spegx,"Who sing the intro song better â¤ï¸ğŸ¤

Follow @_game_o_f_thrones_  for more â¤ï¸

#gameofthrones #got #daenerystargaryen #jonsnow #emiliaclarke #aryastark #sansastark #hbo #targaryen #daenerys #sophieturner #gameofthronesmemes #gameofthronesseason #khaleesi #stark #asongoficeandfire #winteriscoming #tyrionlannister #gameofthronesedit #kitharington #cerseilannister #maisiewilliams #motherofdragons #housestark #lannister #winterfell #art #westeros #jaimelannister #bhfyp",86,1,2021-08-23 04:46:42
305,_game_o_f_thrones_,CS52Wf7JX2d,"ğŸºğŸº

Follow @_game_o_f_thrones_  for more â¤ï¸

#gameofthrones #got #daenerystargaryen #jonsnow #emiliaclarke #aryastark #sansastark #hbo #targaryen #daenerys #sophieturner #gameofthronesmemes #gameofthronesseason #khaleesi #stark #asongoficeandfire #winteriscoming #tyrionlannister #gameofthronesedit #kitharington #cerseilannister #maisiewilliams #motherofdragons #housestark #lannister #winterfell #art #westeros #jaimelannister #bhfyp",60,4,2021-08-23 04:42:12
306,_game_o_f_thrones_,CS52Ix5JAI6,"Lady Margaery â¤ï¸â¤ï¸

Follow @_game_o_f_thrones_  for more â¤ï¸

#gameofthrones #got #daenerystargaryen #jonsnow #emiliaclarke #aryastark #sansastark #hbo #targaryen #daenerys #sophieturner #gameofthronesmemes #gameofthronesseason #khaleesi #stark #asongoficeandfire #winteriscoming #tyrionlannister #gameofthronesedit #kitharington #cerseilannister #maisiewilliams #motherofdragons #housestark #lannister #winterfell #art #westeros #jaimelannister #bhfyp",43,2,2021-08-23 04:40:20
307,_game_o_f_thrones_,CS4Cbf2Jjeo,"â¤ï¸â¤ï¸

Follow @_game_o_f_thrones_  for more â¤ï¸

#gameofthrones #got #daenerystargaryen #jonsnow #emiliaclarke #aryastark #sansastark #hbo #targaryen #daenerys #sophieturner #gameofthronesmemes #gameofthronesseason #khaleesi #stark #asongoficeandfire #winteriscoming #tyrionlannister #gameofthronesedit #kitharington #cerseilannister #maisiewilliams #motherofdragons #housestark #lannister #winterfell #art #westeros #jaimelannister #bhfyp",55,0,2021-08-22 11:49:16
308,_game_o_f_thrones_,CS36r0jp2iZ,"Dracarys ğŸ”¥â¤ï¸

Follow @_game_o_f_thrones_  for more â¤ï¸

#gameofthrones #got #daenerystargaryen #jonsnow #emiliaclarke #aryastark #sansastark #hbo #targaryen #daenerys #sophieturner #gameofthronesmemes #gameofthronesseason #khaleesi #stark #asongoficeandfire #winteriscoming #tyrionlannister #gameofthronesedit #kitharington #cerseilannister #maisiewilliams #motherofdragons #housestark #lannister #winterfell #art #westeros #jaimelannister #bhfyp",40,2,2021-08-22 10:41:35
309,_game_o_f_thrones_,CS14P2CJkj2,"Sophie Turner â™¥ï¸ğŸ”¥

Follow @_game_o_f_thrones_  for more â¤ï¸

#gameofthrones #got #daenerystargaryen #jonsnow #emiliaclarke #aryastark #sansastark #hbo #targaryen #daenerys #sophieturner #gameofthronesmemes #gameofthronesseason #khaleesi #stark #asongoficeandfire #winteriscoming #tyrionlannister #gameofthronesedit #kitharington #cerseilannister #maisiewilliams #motherofdragons #housestark #lannister #winterfell #art #westeros #jaimelannister #bhfyp",53,3,2021-08-21 15:41:49
310,_game_o_f_thrones_,CS13qFYJww1,"Red beauty â¤ï¸ğŸ˜

Follow @_game_o_f_thrones_  for more â¤ï¸

#gameofthrones #got #daenerystargaryen #jonsnow #emiliaclarke #aryastark #sansastark #hbo #targaryen #daenerys #sophieturner #gameofthronesmemes #gameofthronesseason #khaleesi #stark #asongoficeandfire #winteriscoming #tyrionlannister #gameofthronesedit #kitharington #cerseilannister #maisiewilliams #motherofdragons #housestark #lannister #winterfell #art #westeros #jaimelannister #bhfyp",40,1,2021-08-21 15:36:39
311,_game_o_f_thrones_,CS0zTsipMxN,"Seems he doesn't like her aunt's lips ğŸ¤£ğŸ¤£

Follow @_game_o_f_thrones_  for more â¤ï¸

#gameofthrones #got #daenerystargaryen #jonsnow #emiliaclarke #aryastark #sansastark #hbo #targaryen #daenerys #sophieturner #gameofthronesmemes #gameofthronesseason #khaleesi #stark #asongoficeandfire #winteriscoming #tyrionlannister #gameofthronesedit #kitharington #cerseilannister #maisiewilliams #motherofdragons #housestark #lannister #winterfell #art #westeros #jaimelannister #bhfyp",83,2,2021-08-21 05:40:08
312,_game_o_f_thrones_,CS0yWEmppid,"My Queen ğŸ‘‘â¤ï¸

Follow @_game_o_f_thrones_  for more â¤ï¸

#gameofthrones #got #daenerystargaryen #jonsnow #emiliaclarke #aryastark #sansastark #hbo #targaryen #daenerys #sophieturner #gameofthronesmemes #gameofthronesseason #khaleesi #stark #asongoficeandfire #winteriscoming #tyrionlannister #gameofthronesedit #kitharington #cerseilannister",38,0,2021-08-21 05:31:00
313,_game_o_f_thrones_,CS0rQqapskr,"ğŸ¤£ğŸ¤£

Follow @_game_o_f_thrones_  for more â¤ï¸

#gameofthrones #got #daenerystargaryen #jonsnow #emiliaclarke #aryastark #sansastark #hbo #targaryen #daenerys #sophieturner #gameofthronesmemes #gameofthronesseason #khaleesi #stark #asongoficeandfire #winteriscoming #tyrionlannister #gameofthronesedit #kitharington #cerseilannister #maisiewilliams #motherofdragons #housestark #lannister #winterfell #art #westeros #jaimelannister #bhfyp",40,2,2021-08-21 04:29:05
314,_game_o_f_thrones_,CS0rMi4pF8A,"The north remembers â¤ï¸â¤ï¸

Follow @_game_o_f_thrones_ for more â¤ï¸

#gameofthrones #got #daenerystargaryen #jonsnow #emiliaclarke #aryastark #sansastark #hbo #targaryen #daenerys #sophieturner #gameofthronesmemes #gameofthronesseason #khaleesi #stark #asongoficeandfire #winteriscoming #tyrionlannister #gameofthronesedit #kitharington #cerseilannister",34,0,2021-08-21 04:28:31
315,_game_o_f_thrones_,CSyRP4hpwi7,"Her smile ğŸ˜ğŸ˜

Follow for more.
@_game_o_f_thrones_",45,2,2021-08-20 06:03:18
316,_game_o_f_thrones_,CSyQ0KRpyLQ,"Comment your bodyguard âš”ï¸

Follow for more.
@_game_o_f_thrones_ â¤ï¸",43,8,2021-08-20 05:59:31
317,_game_o_f_thrones_,CSyQLyZpjk0,"Danny â¤ï¸ğŸ˜

Follow @_game_o_f_thrones_  for more â¤ï¸

#gameofthrones #got #daenerystargaryen #jonsnow #emiliaclarke #aryastark #sansastark #hbo #targaryen #daenerys #sophieturner #gameofthronesmemes #gameofthronesseason #khaleesi #stark #asongoficeandfire #winteriscoming #tyrionlannister #gameofthronesedit #kitharington #cerseilannister #maisiewilliams #motherofdragons #housestark #lannister #winterfell #art #westeros #jaimelannister #bhfyp",78,0,2021-08-20 05:54:29
318,_game_o_f_thrones_,CSwCT59pxYx,"I'm a queen ğŸ‘‘â¤ï¸

Follow @_game_o_f_thrones_  for more â¤ï¸

#gameofthrones #got #daenerystargaryen #jonsnow #emiliaclarke #aryastark #sansastark #hbo #targaryen #daenerys #sophieturner #gameofthronesmemes #gameofthronesseason #khaleesi #stark #asongoficeandfire #winteriscoming #tyrionlannister #gameofthronesedit #kitharington #cerseilannister #maisiewilliams #motherofdragons #housestark #lannister #winterfell #art #westeros #jaimelannister #bhfyp",88,3,2021-08-19 09:15:08
319,_game_o_f_thrones_,CSwCEZUpODj,"Born to rule the seven kingdoms ğŸ”¥ğŸ‘‘

Follow @_game_o_f_thrones_  for more â¤ï¸

#gameofthrones #got #daenerystargaryen #jonsnow #emiliaclarke #aryastark #sansastark #hbo #targaryen #daenerys #sophieturner #gameofthronesmemes #gameofthronesseason #khaleesi #stark #asongoficeandfire #winteriscoming #tyrionlannister #gameofthronesedit #kitharington #cerseilannister #maisiewilliams #motherofdragons #housestark #lannister #winterfell #art #westeros #jaimelannister #bhfyp",74,0,2021-08-19 09:12:45
320,_game_o_f_thrones_,CSwBf34pSRO,"My sun and moon ğŸ”¥â¤ï¸

Follow @_game_o_f_thrones_  for more â¤ï¸

#gameofthrones #got #daenerystargaryen #jonsnow #emiliaclarke #aryastark #sansastark #hbo #targaryen #daenerys #sophieturner #gameofthronesmemes #gameofthronesseason #khaleesi #stark #asongoficeandfire #winteriscoming #tyrionlannister #gameofthronesedit #kitharington #cerseilannister #maisiewilliams #motherofdragons #housestark #lannister #winterfell #art #westeros #jaimelannister #bhfyp",72,2,2021-08-19 09:07:34
321,_game_o_f_thrones_,CSuHdqzJ2Ob,"â¤ï¸ğŸ”¥â¤ï¸ğŸ”¥

Follow @_game_o_f_thrones_  for more â¤ï¸

#gameofthrones #got #daenerystargaryen #jonsnow #emiliaclarke #aryastark #sansastark #hbo #targaryen #daenerys #sophieturner #gameofthronesmemes #gameofthronesseason #khaleesi #stark #asongoficeandfire #winteriscoming #tyrionlannister #gameofthronesedit #kitharington #cerseilannister #maisiewilliams #motherofdragons #housestark #lannister #winterfell #art #westeros #jaimelannister #bhfyp",35,0,2021-08-18 15:20:51
322,_game_o_f_thrones_,CSuHEXLJLx_,"ğŸ”¥â„ï¸

Follow @_game_o_f_thrones_  for more â¤ï¸

#gameofthrones #got #daenerystargaryen #jonsnow #emiliaclarke #aryastark #sansastark #hbo #targaryen #daenerys #sophieturner #gameofthronesmemes #gameofthronesseason #khaleesi #stark #asongoficeandfire #winteriscoming #tyrionlannister #gameofthronesedit #kitharington #cerseilannister #maisiewilliams #motherofdragons #housestark #lannister #winterfell #art #westeros #jaimelannister #bhfyp",64,0,2021-08-18 15:18:47
323,_game_o_f_thrones_,CSuG1mzp_Ou,"She is ğŸ˜â¤ï¸ğŸ”¥ğŸ¤¤

Follow @_game_o_f_thrones_  for more â¤ï¸

#gameofthrones #got #daenerystargaryen #jonsnow #emiliaclarke #aryastark #sansastark #hbo #targaryen #daenerys #sophieturner #gameofthronesmemes #gameofthronesseason #khaleesi #stark #asongoficeandfire #winteriscoming #tyrionlannister #gameofthronesedit #kitharington #cerseilannister #maisiewilliams #motherofdragons #housestark #lannister #winterfell #art #westeros #jaimelannister #bhfyp",29,0,2021-08-18 15:15:23
324,_game_o_f_thrones_,CSte7x2pb-Z,"They deserve better ğŸ’”ğŸ’”

Follow @_game_o_f_thrones_ for more â¤ï¸

#gameofthrones #got #daenerystargaryen #jonsnow #emiliaclarke #aryastark #sansastark #hbo #targaryen #daenerys #sophieturner #gameofthronesmemes #gameofthronesseason #khaleesi #stark #asongoficeandfire #winteriscoming #tyrionlannister #gameofthronesedit #kitharington #cerseilannister #maisiewilliams #motherofdragons #housestark #lannister #winterfell #art #westeros #jaimelannister #bhfyp",55,0,2021-08-18 09:28:21
325,_game_o_f_thrones_,CSteGiRp7jb,"Whom would you choose â¤ï¸

Follow @_game_o_f_thrones_ for more â¤ï¸

#gameofthrones #got #daenerystargaryen #jonsnow #emiliaclarke #aryastark #sansastark #hbo #targaryen #daenerys #sophieturner #gameofthronesmemes #gameofthronesseason #khaleesi #stark #asongoficeandfire #winteriscoming #tyrionlannister #gameofthronesedit #kitharington #cerseilannister #maisiewilliams #motherofdragons #housestark #lannister #winterfell #art #westeros #jaimelannister #bhfyp",93,0,2021-08-18 09:21:12
326,_game_o_f_thrones_,CStdlD5J1as,"House stark ğŸºâ¤ï¸

Follow @_game_o_f_thrones_ for more â¤ï¸

#gameofthrones #got #daenerystargaryen #jonsnow #emiliaclarke #aryastark #sansastark #hbo #targaryen #daenerys #sophieturner #gameofthronesmemes #gameofthronesseason #khaleesi #stark #asongoficeandfire #winteriscoming #tyrionlannister #gameofthronesedit #kitharington #cerseilannister #maisiewilliams #motherofdragons #housestark #lannister #winterfell #art #westeros #jaimelannister #bhfyp",66,0,2021-08-18 09:16:27
327,_game_o_f_thrones_,CSrMbzmplhD,"Battle of bastard âš”ï¸

Follow @_game_o_f_thrones_  for more â¤ï¸

#gameofthrones #got #daenerystargaryen #jonsnow #emiliaclarke #aryastark #sansastark #hbo #targaryen #daenerys #sophieturner #gameofthronesmemes #gameofthronesseason #khaleesi #stark #asongoficeandfire #winteriscoming #tyrionlannister #gameofthronesedit #kitharington #cerseilannister #maisiewilliams #motherofdragons #housestark #lannister #winterfell #art #westeros #jaimelannister #bhfyp",40,1,2021-08-17 12:06:34
328,_game_o_f_thrones_,CSrMA2qJlN6,"Who's your favourite â¤ï¸

Follow @_game_o_f_thrones_  for more â¤ï¸

#gameofthrones #got #daenerystargaryen #jonsnow #emiliaclarke #aryastark #sansastark #hbo #targaryen #daenerys #sophieturner #gameofthronesmemes #gameofthronesseason #khaleesi #stark #asongoficeandfire #winteriscoming #tyrionlannister #gameofthronesedit #kitharington #cerseilannister #maisiewilliams #motherofdragons #housestark #lannister #winterfell #art #westeros #jaimelannister #bhfyp",53,1,2021-08-17 12:04:23
329,_game_o_f_thrones_,CSq5x7oJgLm,"Power is power ğŸ‘‘

Follow @_game_o_f_thrones_ for more â¤ï¸

#gameofthrones #got #daenerystargaryen #jonsnow #emiliaclarke #aryastark #sansastark #hbo #targaryen #daenerys #sophieturner #gameofthronesmemes #gameofthronesseason #khaleesi #stark #asongoficeandfire #winteriscoming #tyrionlannister #gameofthronesedit #kitharington #cerseilannister #maisiewilliams #motherofdragons #housestark #lannister #winterfell #art #westeros #jaimelannister #bhfyp",70,0,2021-08-17 09:25:40
330,_game_o_f_thrones_,CSq5KseJKqT,"She is â™¥ï¸ğŸ¤¤ğŸ”¥

Follow @_game_o_f_thrones_  for more â¤ï¸

#gameofthrones #got #daenerystargaryen #jonsnow #emiliaclarke #aryastark #sansastark #hbo #targaryen #daenerys #sophieturner #gameofthronesmemes #gameofthronesseason #khaleesi #stark #asongoficeandfire #winteriscoming #tyrionlannister #gameofthronesedit #kitharington #cerseilannister #maisiewilliams #motherofdragons #housestark #lannister #winterfell #art #westeros #jaimelannister #bhfyp",38,0,2021-08-17 09:18:32
331,_game_o_f_thrones_,CSq4JfiJnk5,"â™¥ï¸ğŸ’”
Follow @_game_o_f_thrones_ for more â¤ï¸

#gameofthrones #got #daenerystargaryen #jonsnow #emiliaclarke #aryastark #sansastark #hbo #targaryen #daenerys #sophieturner #gameofthronesmemes #gameofthronesseason #khaleesi #stark #asongoficeandfire #winteriscoming #tyrionlannister #gameofthronesedit #kitharington #cerseilannister #maisiewilliams #motherofdragons #housestark #lannister #winterfell #art #westeros #jaimelannister #bhfyp",44,0,2021-08-17 09:12:41
332,_game_o_f_thrones_,CSmn4DQp2k9,"Her smile â¤ï¸ğŸ¥°
Follow @_game_o_f_thrones_ 
#emiliaclarke #gameofthrones #got #daenerystargaryen #jonsnow #sophieturner #sansastark #aryastark #kitharington #khaleesi #maisiewilliams #daenerys #hbo #tyrionlannister #targaryen #motherofdragons #gameofthronesseason #gameofthronesmemes #scarlettjohansson #asongoficeandfire #cerseilannister #jenniferlawrence #margotrobbie #emmawatson #stark #emmastone #love #angelinajolie #elizabetholsen #bhfyp",53,0,2021-08-15 17:30:36
333,_game_o_f_thrones_,CSmV33XJtE_,"The moves â¤ï¸ğŸ•º
Follow @_game_o_f_thrones_
#kitharington #gameofthrones #jonsnow #got #emiliaclarke #daenerystargaryen #sophieturner #sansastark #aryastark #maisiewilliams #tyrionlannister #hbo #khaleesi #targaryen #cerseilannister #gameofthronesseason #asongoficeandfire #gameofthronesmemes #daenerys #housestark #stark #peterdinklage #winteriscoming #jaimelannister #winterfell #motherofdragons #lannister #forthethrone #gameofthronesedit #bhfyp",45,0,2021-08-15 14:54:17
334,_game_o_f_thrones_,CSmUoIGp_cW,"Tyrion Lannister ğŸ”¥ğŸ”¥
Follow @_game_o_f_thrones_ 
#tyrion #gameofthrones #got #tyrionlannister #jonsnow #lannister #sansastark #daenerystargaryen #aryastark #daenerys #winterfell #sansa #gameofthronesseason #targaryen #cersei #arya #stark #peterdinklage #cerseilannister #hbo #asongoficeandfire #houselannister #gotedit #winteriscoming #drogon #gameofthronesedit #dragons #gameofthronesmemes #asoiaf #bhfyp",56,0,2021-08-15 14:45:18
335,_game_o_f_thrones_,CSlasPyJEDd,"DRACARYS ğŸ”¥â¤ï¸
follow @_game_o_f_thrones_ 
#emiliaclarke #gameofthrones #got #daenerystargaryen #jonsnow #sophieturner #sansastark #aryastark #kitharington #khaleesi #maisiewilliams #daenerys #hbo #tyrionlannister #targaryen #motherofdragons #gameofthronesseason #gameofthronesmemes #scarlettjohansson #asongoficeandfire #cerseilannister #jenniferlawrence #margotrobbie #emmawatson #stark #emmastone #love #angelinajolie #elizabetholsen #bhfyp",152,2,2021-08-15 06:16:44
336,_game_o_f_thrones_,CSjtom0p9Tk,"Hi i am Emilia Clarkeâ¤ï¸ğŸ‘‘
FOLLOW @_game_o_f_thrones_
#emiliaclarke #gameofthrones #got #daenerystargaryen #jonsnow #sophieturner #sansastark #aryastark #kitharington #khaleesi #maisiewilliams #daenerys #hbo #tyrionlannister #targaryen #motherofdragons #gameofthronesseason #gameofthronesmemes #scarlettjohansson #asongoficeandfire #cerseilannister #jenniferlawrence #margotrobbie #emmawatson #stark #emmastone #love #angelinajolie #elizabetholsen #bhfyp",32,0,2021-08-14 14:22:59
337,_game_o_f_thrones_,CSgOvSoJ0-e,"THE MOTHER OF DRAGON â¤ï¸ğŸ‘‘
FOLLOW @_game_o_f_thrones_ 
#gameofthrones #got #daenerystargaryen #jonsnow #emiliaclarke #aryastark #sansastark #hbo #targaryen #daenerys #sophieturner #gameofthronesmemes #gameofthronesseason #khaleesi #stark #asongoficeandfire #winteriscoming #tyrionlannister #gameofthronesedit #kitharington #cerseilannister #maisiewilliams #motherofdragons #housestark #lannister #winterfell #art #westeros #jaimelannister #bhfyp",63,1,2021-08-13 05:59:30
338,_game_o_f_thrones_,CSdrsf4Jgec,"Who IS your QUEEN ğŸ‘‘â¤ï¸
FOLLOW @_game_o_f_thrones_ 
#gameofthrones #got #daenerystargaryen #jonsnow #emiliaclarke #aryastark #sansastark #hbo #targaryen #daenerys #sophieturner #gameofthronesmemes #gameofthronesseason #khaleesi #stark #asongoficeandfire #winteriscoming #tyrionlannister #gameofthronesedit #kitharington #cerseilannister #maisiewilliams #motherofdragons #housestark #lannister #winterfell #art #westeros #jaimelannister #bhfyp",28,2,2021-08-12 06:10:21
339,_game_o_f_thrones_,CSdmnr3pnXP,"It's a wink ğŸ¤£ğŸ¤£
Follow @_game_o_f_thrones_ 
#gameofthrones #got #daenerystargaryen #jonsnow #emiliaclarke #aryastark #sansastark #hbo #targaryen #daenerys #sophieturner #gameofthronesmemes #gameofthronesseason #khaleesi #stark #asongoficeandfire #winteriscoming #tyrionlannister #gameofthronesedit #kitharington #cerseilannister #maisiewilliams #motherofdragons #housestark #lannister #winterfell #art #westeros #jaimelannister #bhfyp",61,0,2021-08-12 05:26:20
340,_game_o_f_thrones_,CSdmBZIp3S_,"I beg you ğŸ™‡ğŸ™‡
Follow @_game_o_f_thrones_  for more â¤ï¸
#gameofthrones #got #daenerystargaryen #jonsnow #emiliaclarke #aryastark #sansastark #hbo #targaryen #daenerys #sophieturner #gameofthronesmemes #gameofthronesseason #khaleesi #stark #asongoficeandfire #winteriscoming #tyrionlannister #gameofthronesedit #kitharington #cerseilannister #maisiewilliams #motherofdragons #housestark #lannister #winterfell #art #westeros #jaimelannister #bhfyp",75,2,2021-08-12 05:21:29
341,_game_o_f_thrones_,CSY00VJnK3Y,"Lyanna Mormontâ¤ï¸
#lyannastark #gameofthrones #jonsnow #got #nedstark #rhaegartargaryen #asongoficeandfire #daenerystargaryen #sansastark #asoiaf #stark #winteriscoming #aryastark #housestark #tyrionlannister #winterfell #jaimelannister #branstark #kinginthenorth #cerseilannister #robbstark #aegontargaryen #eddardstark #robertbaratheon #westeros #georgerrmartin #lyanna #emiliaclarke #housetargaryen #bhfyp",65,0,2021-08-10 08:57:33
342,_game_o_f_thrones_,CSWMKyAnrB4,"HOUSE TARGARYEN ğŸ²ğŸ”¥
#targaryen #gameofthrones #got #daenerystargaryen #jonsnow #emiliaclarke #daenerys #khaleesi #stark #lannister #aryastark #tyrionlannister #sansastark #asongoficeandfire #hbo #kitharington #westeros #winteriscoming #motherofdragons #gameofthronesseason #housestark #gameofthronesmemes #maisiewilliams #sophieturner #winterfell #cerseilannister #asoiaf #jaimelannister #dragons #bhfyp",44,0,2021-08-09 08:20:47
343,_game_o_f_thrones_,CSUTG5GHmk1,"GAME OF THRONES â¤ï¸
#gameofthrones #got #daenerystargaryen #jonsnow #emiliaclarke #aryastark #sansastark #hbo #targaryen #daenerys #sophieturner #gameofthronesmemes #gameofthronesseason #khaleesi #stark #asongoficeandfire #winteriscoming #tyrionlannister #gameofthronesedit #kitharington #cerseilannister #maisiewilliams #motherofdragons #housestark #lannister #winterfell #art #westeros #jaimelannister #bhfyp",49,0,2021-08-08 14:46:42
344,_game_o_f_thrones_,CSUSd-YHGLZ,"Jon snow ğŸ‘‘â¤ï¸
#jonsnow #gameofthrones #got #aryastark #daenerystargaryen #sansastark #emiliaclarke #tyrionlannister #kitharington #sophieturner #cerseilannister #targaryen #maisiewilliams #gameofthronesmemes #khaleesi #housestark #winteriscoming #stark #hbo #daenerys #jaimelannister #asongoficeandfire #gameofthronesseason #winterfell #lannister #gameofthronesedit #westeros #motherofdragons #forthethrone #bhfyp",43,0,2021-08-08 14:37:43
345,_game_o_f_thrones_,CSUOrbOneUd,"The north remembers ğŸ”¥
#aryastark #gameofthrones #got #jonsnow #sansastark #daenerystargaryen #maisiewilliams #emiliaclarke #tyrionlannister #sophieturner #cerseilannister #kitharington #stark #housestark #winteriscoming #winterfell #gameofthronesmemes #khaleesi #jaimelannister #gameofthronesseason #hbo #targaryen #daenerys #asongoficeandfire #lannister #gameofthronesedit #motherofdragons #westeros #forthethrone #bhfyp",63,0,2021-08-08 14:03:52
346,_game_o_f_thrones_,CSQ09sonA1G,"I LOVE YOU â¤ï¸
#vikings #viking #norse #ragnar #pagan #odin #ragnarlothbrok #vikingstyle #valhalla #lagertha #thor #norsemythology #historyvikings #travisfimmel #heathen #nordic #ivartheboneless #floki #bjornironside #asatru #medieval #beard #runes #history #art #nfl #alexh #warrior #vikingsofinstagram #bhfyp",36,0,2021-08-07 06:21:47
347,_game_o_f_thrones_,CSPkpbnJ61C,"The bond between Rangar and floki is unmatchable â¤ï¸ğŸ”¥
#vikings #viking #norse #ragnar #pagan #odin #ragnarlothbrok #vikingstyle #valhalla #lagertha #thor #norsemythology #historyvikings #travisfimmel #heathen #nordic #ivartheboneless #floki #bjornironside #asatru #medieval #beard #runes #history #art #nfl #alexh #warrior #vikingsofinstagram #bhfyp",26,0,2021-08-06 18:40:15
348,_game_o_f_thrones_,CSPkWQeJeAQ,"Good old days â¤ï¸
#vikings #viking #norse #ragnar #pagan #odin #ragnarlothbrok #vikingstyle #valhalla #lagertha #thor #norsemythology #historyvikings #travisfimmel #heathen #nordic #ivartheboneless #floki #bjornironside #asatru #medieval #beard #runes #history #art #nfl #alexh #warrior #vikingsofinstagram #bhfyp",27,0,2021-08-06 18:37:31
349,_game_o_f_thrones_,CSPkBzFJl2C,"The Starks had suffered the most ğŸ˜“ğŸ¥º
#gameofthrones #got #daenerystargaryen #jonsnow #emiliaclarke #aryastark #sansastark #hbo #targaryen #daenerys #sophieturner #gameofthronesmemes #gameofthronesseason #khaleesi #stark #asongoficeandfire #winteriscoming #tyrionlannister #gameofthronesedit #kitharington #cerseilannister #maisiewilliams #motherofdragons #housestark #lannister #winterfell #art #westeros #jaimelannister #bhfyp",37,0,2021-08-06 18:35:07
350,_game_o_f_thrones_,CSPjxe2Jb6X,"One of the greatest battle of all time ğŸ”¥ğŸ‘‘
#gameofthrones #got #daenerystargaryen #jonsnow #emiliaclarke #aryastark #sansastark #hbo #targaryen #daenerys #sophieturner #gameofthronesmemes #gameofthronesseason #khaleesi #stark #asongoficeandfire #winteriscoming #tyrionlannister #gameofthronesedit #kitharington #cerseilannister #maisiewilliams #motherofdragons #housestark #lannister #winterfell #art #westeros #jaimelannister #bhfyp",39,0,2021-08-06 18:32:31
351,_game_o_f_thrones_,CSPjGhHpLDJ,"Jon snowğŸ‘‘
The rightful heir to the Throne ğŸ¤´
#gameofthrones #got #daenerystargaryen #jonsnow #emiliaclarke #aryastark #sansastark #hbo #targaryen #daenerys #sophieturner #gameofthronesmemes #gameofthronesseason #khaleesi #stark #asongoficeandfire #winteriscoming #tyrionlannister #gameofthronesedit #kitharington #cerseilannister #maisiewilliams #motherofdragons #housestark #lannister #winterfell #art #westeros #jaimelannister #bhfyp",44,0,2021-08-06 18:28:13
352,_game_o_f_thrones_,CSPiuvbpOeR,"Battle of bastard ğŸ”¥â¤ï¸
#gameofthrones #got #daenerystargaryen #jonsnow #emiliaclarke #aryastark #sansastark #hbo #targaryen #daenerys #sophieturner #gameofthronesmemes #gameofthronesseason #khaleesi #stark #asongoficeandfire #winteriscoming #tyrionlannister #gameofthronesedit #kitharington #cerseilannister #maisiewilliams #motherofdragons #housestark #lannister #winterfell #art #westeros #jaimelannister #bhfyp",52,0,2021-08-06 18:23:19
353,_game_o_f_thrones_,CR_rRJcnuWB,"Tywin Lannister ğŸ”¥ğŸ”¥
#tyrion #gameofthrones #got #tyrionlannister #jonsnow #lannister #sansastark #daenerystargaryen #aryastark #daenerys #winterfell #sansa #gameofthronesseason #targaryen #cersei #arya #stark #peterdinklage #cerseilannister #hbo #asongoficeandfire #houselannister #gotedit #winteriscoming #drogon #gameofthronesedit #dragons #gameofthronesmemes #asoiaf #bhfyp",46,0,2021-07-31 14:29:51
354,_game_o_f_thrones_,CR5vd5oCVcQ,"Shortest love story with the most terrible ending ğŸ’”
#gameofthrones #got #daenerystargaryen #jonsnow #emiliaclarke #aryastark #sansastark #hbo #targaryen #daenerys #sophieturner #gameofthronesmemes #gameofthronesseason #khaleesi #stark #asongoficeandfire #winteriscoming #tyrionlannister #gameofthronesedit #kitharington #cerseilannister #maisiewilliams #motherofdragons #housestark #lannister #winterfell #art #westeros #jaimelannister #bhfyp",36,0,2021-07-29 07:10:54
355,_game_o_f_thrones_,CR5ukitCmAp,"Breaker of chains â›“ï¸ğŸ”¥
#daenerys #gameofthrones #got #daenerystargaryen #emiliaclarke #targaryen #jonsnow #khaleesi #motherofdragons #aryastark #sansastark #hbo #tyrionlannister #kitharington #asongoficeandfire #gameofthronesmemes #gameofthronesseason #sophieturner #stark #housestark #westeros #maisiewilliams #lannister #winterfell #cerseilannister #winteriscoming #dragons #drogon #housetargaryen #bhfyp",37,0,2021-07-29 07:03:02
356,_game_o_f_thrones_,CR3rlElirWQ,"cersie Lannister the fearless Queen ğŸ‘‘â¤ï¸
#cersei #gameofthrones #got #jonsnow #sansastark #aryastark #emiliaclarke #lannister #cerseilannister #hbo #maisiewilliams #daenerys #dragons #asongoficeandfire #gameofthronesmemes #forthethrone #tyrionlannister #khaleesi #westeros #winterfell #jaimelannister #sophieturner #targaryen #gameofthronesseason #asoiaf #ironthrone #kitharington #housestark #lenaheadey #bhfyp",36,0,2021-07-28 11:58:23
357,_game_o_f_thrones_,CR3qmDViwId,"King in the north ğŸ‘‘â¤ï¸
#jonsnow #gameofthrones #got #aryastark #daenerystargaryen #sansastark #emiliaclarke #tyrionlannister #kitharington #sophieturner #cerseilannister #targaryen #maisiewilliams #gameofthronesmemes #khaleesi #housestark #winteriscoming #stark #hbo #daenerys #jaimelannister #asongoficeandfire #gameofthronesseason #winterfell #lannister #gameofthronesedit #westeros #motherofdragons #forthethrone #bhfyp",56,0,2021-07-28 11:49:55
358,_game_o_f_thrones_,CR3jXrmCSzn,Best entry ğŸ”¥â¤ï¸#daenerys #gameofthrones #got #daenerystargaryen #emiliaclarke #targaryen #jonsnow #khaleesi #motherofdragons #aryastark #sansastark #hbo #tyrionlannister #kitharington #asongoficeandfire #gameofthronesmemes #gameofthronesseason #sophieturner #stark #housestark #westeros #maisiewilliams #lannister #winterfell #cerseilannister #winteriscoming #dragons #drogon #housetargaryen #bhfyp,27,0,2021-07-28 10:46:50
359,_game_o_f_thrones_,CR3dJnHic9R,Daenerys Stormborn Targaryen ğŸ‘‘#daenerys #gameofthrones #got #daenerystargaryen #emiliaclarke #targaryen #jonsnow #khaleesi #motherofdragons #aryastark #sansastark #hbo #tyrionlannister #kitharington #asongoficeandfire #gameofthronesmemes #gameofthronesseason #sophieturner #stark #housestark #westeros #maisiewilliams #lannister #winterfell #cerseilannister #winteriscoming #dragons #drogon #housetargaryen #bhfyp,33,0,2021-07-28 09:52:30
360,_game_o_f_thrones_,CR1f9uKC0lb,GAME OF THRONES â¤ï¸#gameofthrones #got #daenerystargaryen #jonsnow #emiliaclarke #aryastark #sansastark #hbo #targaryen #daenerys #sophieturner #gameofthronesmemes #gameofthronesseason #khaleesi #stark #asongoficeandfire #winteriscoming #tyrionlannister #gameofthronesedit #kitharington #cerseilannister #maisiewilliams #motherofdragons #housestark #lannister #winterfell #art #westeros #jaimelannister #bhfyp,26,0,2021-07-27 15:38:43
361,__m_u_t_h_u__13,CxNV4-Ty5z2,"I donâ€™t care what people think or say about me, I know who I amğŸ—¡ï¸
.
.
.
#happy #happydays #happyday #smile #fun #instahappy #goodmood #sohappy #happier #excited #feelgood #smiling #funtimes #funny #feliz #feelgoodphoto #joy #captionplus #happyhappy #enjoy #love #lovelife",94,5,2023-09-15 10:05:11
362,__m_u_t_h_u__13,CtGE3lpyaKa,Taking a moment to appreciate nature's beauty ğŸŒ³ğŸƒ #NatureLover #OutdoorLife #BenchSitting #TreeHugger #PeacefulMind #serenescenes,89,2,2023-06-05 04:16:11
363,__m_u_t_h_u__13,CokSCfKy_Zl,"""Whatever You Are,Be a GOOD ONE""",98,5,2023-02-12 15:11:31
364,__m_u_t_h_u__13,CknYJ-9yeL9,"'Be bright in ""Dark"" '",98,3,2022-11-06 09:57:07
365,__m_u_t_h_u__13,CJm6v7mDLmo,"2k21 First Pic
New Life New Beginnings ğŸ’",92,3,2021-01-04 03:32:31
366,__m_u_t_h_u__13,B4cm4GGFoce,,95,2,2019-11-04 14:32:46
